{"level":"http","message":"GET /?hub.mode=subscribe&hub.challenge=1001096509&hub.verify_token=0715369733"}
{"level":"http","message":"GET /webhook?hub.mode=subscribe&hub.challenge=661115528&hub.verify_token=0715369733"}
{"level":"warn","message":"Webhook verification failed","meta":{"mode":"subscribe","token":"0715369733"}}
{"level":"error","message":"Webhook verification failed","meta":{"method":"GET","path":"/webhook?hub.mode=subscribe&hub.challenge=661115528&hub.verify_token=0715369733","stack":"Error: Webhook verification failed\n    at file:///home/jj/repo/whatsapp-outreach/src/controllers/webhookController.js:26:9\n    at file:///home/jj/repo/whatsapp-outreach/src/utils/catchAsync.js:4:21\n    at Layer.handleRequest (/home/jj/repo/whatsapp-outreach/node_modules/router/lib/layer.js:152:17)\n    at next (/home/jj/repo/whatsapp-outreach/node_modules/router/lib/route.js:157:13)\n    at Route.dispatch (/home/jj/repo/whatsapp-outreach/node_modules/router/lib/route.js:117:3)\n    at handle (/home/jj/repo/whatsapp-outreach/node_modules/router/index.js:435:11)\n    at Layer.handleRequest (/home/jj/repo/whatsapp-outreach/node_modules/router/lib/layer.js:152:17)\n    at /home/jj/repo/whatsapp-outreach/node_modules/router/index.js:295:15\n    at processParams (/home/jj/repo/whatsapp-outreach/node_modules/router/index.js:582:12)\n    at next (/home/jj/repo/whatsapp-outreach/node_modules/router/index.js:291:5)","statusCode":403}}
{"level":"http","message":"GET /webhook?hub.mode=subscribe&hub.verify_token=0715369733&hub.challenge=12345"}
{"level":"warn","message":"Webhook verification failed","meta":{"mode":"subscribe","token":"0715369733"}}
{"level":"error","message":"Webhook verification failed","meta":{"method":"GET","path":"/webhook?hub.mode=subscribe&hub.verify_token=0715369733&hub.challenge=12345","stack":"Error: Webhook verification failed\n    at file:///home/jj/repo/whatsapp-outreach/src/controllers/webhookController.js:26:9\n    at file:///home/jj/repo/whatsapp-outreach/src/utils/catchAsync.js:4:21\n    at Layer.handleRequest (/home/jj/repo/whatsapp-outreach/node_modules/router/lib/layer.js:152:17)\n    at next (/home/jj/repo/whatsapp-outreach/node_modules/router/lib/route.js:157:13)\n    at Route.dispatch (/home/jj/repo/whatsapp-outreach/node_modules/router/lib/route.js:117:3)\n    at handle (/home/jj/repo/whatsapp-outreach/node_modules/router/index.js:435:11)\n    at Layer.handleRequest (/home/jj/repo/whatsapp-outreach/node_modules/router/lib/layer.js:152:17)\n    at /home/jj/repo/whatsapp-outreach/node_modules/router/index.js:295:15\n    at processParams (/home/jj/repo/whatsapp-outreach/node_modules/router/index.js:582:12)\n    at next (/home/jj/repo/whatsapp-outreach/node_modules/router/index.js:291:5)","statusCode":403}}
{"level":"http","message":"GET /webhook?hub.mode=subscribe&hub.challenge=282750528&hub.verify_token=0715369733"}
{"level":"info","message":"Webhook verified successfully"}
{"level":"http","message":"GET /campaign/send"}
{"level":"http","message":"POST /campaign/send"}
{"level":"error","message":"Cannot destructure property 'agencyName' of 'req.body' as it is undefined.","meta":{"method":"POST","path":"/campaign/send","stack":"TypeError: Cannot destructure property 'agencyName' of 'req.body' as it is undefined.\n    at file:///home/jj/repo/whatsapp-outreach/src/controllers/campaignController.js:12:11\n    at file:///home/jj/repo/whatsapp-outreach/src/utils/catchAsync.js:4:21\n    at Layer.handleRequest (/home/jj/repo/whatsapp-outreach/node_modules/router/lib/layer.js:152:17)\n    at next (/home/jj/repo/whatsapp-outreach/node_modules/router/lib/route.js:157:13)\n    at Route.dispatch (/home/jj/repo/whatsapp-outreach/node_modules/router/lib/route.js:117:3)\n    at handle (/home/jj/repo/whatsapp-outreach/node_modules/router/index.js:435:11)\n    at Layer.handleRequest (/home/jj/repo/whatsapp-outreach/node_modules/router/lib/layer.js:152:17)\n    at /home/jj/repo/whatsapp-outreach/node_modules/router/index.js:295:15\n    at processParams (/home/jj/repo/whatsapp-outreach/node_modules/router/index.js:582:12)\n    at next (/home/jj/repo/whatsapp-outreach/node_modules/router/index.js:291:5)","statusCode":500}}
{"level":"http","message":"POST /campaign/send"}
{"level":"info","message":"Campaign started","meta":{"agencyName":"MyAgency"}}
{"level":"error","message":"axios is not defined","meta":{"method":"POST","path":"/campaign/send","stack":"ReferenceError: axios is not defined\n    at sendHelloWorldTemplate (file:///home/jj/repo/whatsapp-outreach/src/services/whatsappService.js:35:3)\n    at file:///home/jj/repo/whatsapp-outreach/src/controllers/campaignController.js:40:11\n    at process.processTicksAndRejections (node:internal/process/task_queues:105:5)","statusCode":500}}
{"level":"http","message":"POST /campaign/send"}
{"level":"info","message":"Campaign started","meta":{"agencyName":"MyAgency"}}
{"level":"error","message":"Request failed with status code 401","meta":{"method":"POST","path":"/campaign/send","stack":"AxiosError: Request failed with status code 401\n    at settle (file:///home/jj/repo/whatsapp-outreach/node_modules/axios/lib/core/settle.js:19:12)\n    at BrotliDecompress.handleStreamEnd (file:///home/jj/repo/whatsapp-outreach/node_modules/axios/lib/adapters/http.js:793:11)\n    at BrotliDecompress.emit (node:events:518:28)\n    at endReadableNT (node:internal/streams/readable:1698:12)\n    at process.processTicksAndRejections (node:internal/process/task_queues:90:21)\n    at Axios.request (file:///home/jj/repo/whatsapp-outreach/node_modules/axios/lib/core/Axios.js:45:41)\n    at process.processTicksAndRejections (node:internal/process/task_queues:105:5)\n    at async file:///home/jj/repo/whatsapp-outreach/src/controllers/campaignController.js:40:5","statusCode":500}}
{"level":"http","message":"POST /campaign/send"}
{"level":"info","message":"Campaign started","meta":{"agencyName":"MyAgency"}}
{"level":"error","message":"Request failed with status code 401","meta":{"method":"POST","path":"/campaign/send","stack":"AxiosError: Request failed with status code 401\n    at settle (file:///home/jj/repo/whatsapp-outreach/node_modules/axios/lib/core/settle.js:19:12)\n    at BrotliDecompress.handleStreamEnd (file:///home/jj/repo/whatsapp-outreach/node_modules/axios/lib/adapters/http.js:793:11)\n    at BrotliDecompress.emit (node:events:518:28)\n    at endReadableNT (node:internal/streams/readable:1698:12)\n    at process.processTicksAndRejections (node:internal/process/task_queues:90:21)\n    at Axios.request (file:///home/jj/repo/whatsapp-outreach/node_modules/axios/lib/core/Axios.js:45:41)\n    at process.processTicksAndRejections (node:internal/process/task_queues:105:5)\n    at async file:///home/jj/repo/whatsapp-outreach/src/controllers/campaignController.js:40:5","statusCode":500}}
{"level":"http","message":"POST /campaign/send"}
{"level":"info","message":"Campaign started","meta":{"agencyName":"MyAgency"}}
{"level":"error","message":"Request failed with status code 404","meta":{"method":"POST","path":"/campaign/send","stack":"AxiosError: Request failed with status code 404\n    at settle (file:///home/jj/repo/whatsapp-outreach/node_modules/axios/lib/core/settle.js:19:12)\n    at BrotliDecompress.handleStreamEnd (file:///home/jj/repo/whatsapp-outreach/node_modules/axios/lib/adapters/http.js:793:11)\n    at BrotliDecompress.emit (node:events:518:28)\n    at endReadableNT (node:internal/streams/readable:1698:12)\n    at process.processTicksAndRejections (node:internal/process/task_queues:90:21)\n    at Axios.request (file:///home/jj/repo/whatsapp-outreach/node_modules/axios/lib/core/Axios.js:45:41)\n    at process.processTicksAndRejections (node:internal/process/task_queues:105:5)\n    at async file:///home/jj/repo/whatsapp-outreach/src/controllers/campaignController.js:40:5","statusCode":500}}
{"level":"http","message":"POST /campaign/send"}
{"level":"info","message":"Campaign started","meta":{"agencyName":"MyAgency"}}
{"level":"error","message":"Request failed with status code 404","meta":{"method":"POST","path":"/campaign/send","stack":"AxiosError: Request failed with status code 404\n    at settle (file:///home/jj/repo/whatsapp-outreach/node_modules/axios/lib/core/settle.js:19:12)\n    at BrotliDecompress.handleStreamEnd (file:///home/jj/repo/whatsapp-outreach/node_modules/axios/lib/adapters/http.js:793:11)\n    at BrotliDecompress.emit (node:events:518:28)\n    at endReadableNT (node:internal/streams/readable:1698:12)\n    at process.processTicksAndRejections (node:internal/process/task_queues:90:21)\n    at Axios.request (file:///home/jj/repo/whatsapp-outreach/node_modules/axios/lib/core/Axios.js:45:41)\n    at process.processTicksAndRejections (node:internal/process/task_queues:105:5)\n    at async file:///home/jj/repo/whatsapp-outreach/src/controllers/campaignController.js:40:5","statusCode":500}}
{"level":"http","message":"POST /campaign/send"}
{"level":"info","message":"Campaign started","meta":{"agencyName":"MyAgency"}}
{"level":"error","message":"Request failed with status code 404","meta":{"method":"POST","path":"/campaign/send","stack":"AxiosError: Request failed with status code 404\n    at settle (file:///home/jj/repo/whatsapp-outreach/node_modules/axios/lib/core/settle.js:19:12)\n    at BrotliDecompress.handleStreamEnd (file:///home/jj/repo/whatsapp-outreach/node_modules/axios/lib/adapters/http.js:793:11)\n    at BrotliDecompress.emit (node:events:518:28)\n    at endReadableNT (node:internal/streams/readable:1698:12)\n    at process.processTicksAndRejections (node:internal/process/task_queues:90:21)\n    at Axios.request (file:///home/jj/repo/whatsapp-outreach/node_modules/axios/lib/core/Axios.js:45:41)\n    at process.processTicksAndRejections (node:internal/process/task_queues:105:5)\n    at async file:///home/jj/repo/whatsapp-outreach/src/controllers/campaignController.js:40:5","statusCode":500}}
{"level":"http","message":"POST /campaign/send"}
{"level":"info","message":"Campaign started","meta":{"agencyName":"MyAgency"}}
{"level":"error","message":"\nInvalid `prisma.contact.update()` invocation:\n\n{\n  where: {\n    id: \"361f9797-7586-4cbd-9f94-31afcae08e74\"\n  },\n  data: {\n    status: \"INTRO_SENT\",\n    last_message_at: new Date(\"2026-01-22T11:38:58.399Z\"),\n    ~~~~~~~~~~~~~~~\n?   id?: String | StringFieldUpdateOperationsInput,\n?   name?: String | StringFieldUpdateOperationsInput,\n?   phone?: String | StringFieldUpdateOperationsInput,\n?   email?: String | NullableStringFieldUpdateOperationsInput | Null,\n?   consent?: Boolean | BoolFieldUpdateOperationsInput,\n?   converted?: Boolean | BoolFieldUpdateOperationsInput,\n?   samplesSentAt?: DateTime | NullableDateTimeFieldUpdateOperationsInput | Null,\n?   followUpSentAt?: DateTime | NullableDateTimeFieldUpdateOperationsInput | Null,\n?   createdAt?: DateTime | DateTimeFieldUpdateOperationsInput,\n?   updatedAt?: DateTime | DateTimeFieldUpdateOperationsInput,\n?   salesRep?: SalesRepUpdateOneWithoutContactsNestedInput,\n?   messages?: MessageUpdateManyWithoutContactNestedInput,\n?   campaigns?: CampaignContactUpdateManyWithoutContactNestedInput\n  }\n}\n\nUnknown argument `last_message_at`. Available options are marked with ?.","meta":{"method":"POST","path":"/campaign/send","stack":"PrismaClientValidationError: \nInvalid `prisma.contact.update()` invocation:\n\n{\n  where: {\n    id: \"361f9797-7586-4cbd-9f94-31afcae08e74\"\n  },\n  data: {\n    status: \"INTRO_SENT\",\n    last_message_at: new Date(\"2026-01-22T11:38:58.399Z\"),\n    ~~~~~~~~~~~~~~~\n?   id?: String | StringFieldUpdateOperationsInput,\n?   name?: String | StringFieldUpdateOperationsInput,\n?   phone?: String | StringFieldUpdateOperationsInput,\n?   email?: String | NullableStringFieldUpdateOperationsInput | Null,\n?   consent?: Boolean | BoolFieldUpdateOperationsInput,\n?   converted?: Boolean | BoolFieldUpdateOperationsInput,\n?   samplesSentAt?: DateTime | NullableDateTimeFieldUpdateOperationsInput | Null,\n?   followUpSentAt?: DateTime | NullableDateTimeFieldUpdateOperationsInput | Null,\n?   createdAt?: DateTime | DateTimeFieldUpdateOperationsInput,\n?   updatedAt?: DateTime | DateTimeFieldUpdateOperationsInput,\n?   salesRep?: SalesRepUpdateOneWithoutContactsNestedInput,\n?   messages?: MessageUpdateManyWithoutContactNestedInput,\n?   campaigns?: CampaignContactUpdateManyWithoutContactNestedInput\n  }\n}\n\nUnknown argument `last_message_at`. Available options are marked with ?.\n    at tr (/home/jj/repo/whatsapp-outreach/node_modules/@prisma/client/runtime/client.js:10:1379)\n    at qr.handleRequestError (/home/jj/repo/whatsapp-outreach/node_modules/@prisma/client/runtime/client.js:65:7815)\n    at qr.handleAndLogRequestError (/home/jj/repo/whatsapp-outreach/node_modules/@prisma/client/runtime/client.js:65:7467)\n    at qr.request (/home/jj/repo/whatsapp-outreach/node_modules/@prisma/client/runtime/client.js:65:7174)\n    at process.processTicksAndRejections (node:internal/process/task_queues:105:5)\n    at async a (/home/jj/repo/whatsapp-outreach/node_modules/@prisma/client/runtime/client.js:75:5816)\n    at async file:///home/jj/repo/whatsapp-outreach/src/controllers/campaignController.js:44:5","statusCode":500}}
{"level":"http","message":"POST /campaign/send"}
{"level":"info","message":"Campaign started","meta":{"agencyName":"MyAgency"}}
{"level":"info","message":"Campaign completed","meta":{"sent":1}}
{"level":"http","message":"POST /campaign/send"}
{"level":"info","message":"Campaign started","meta":{"agencyName":"MyAgency"}}
{"level":"info","message":"No NEW contacts found"}
{"level":"error","message":"No new contacts available","meta":{"method":"POST","path":"/campaign/send","stack":"Error: No new contacts available\n    at file:///home/jj/repo/whatsapp-outreach/src/controllers/campaignController.js:28:11\n    at process.processTicksAndRejections (node:internal/process/task_queues:105:5)","statusCode":404}}
{"level":"http","message":"POST /campaign/send"}
{"level":"info","message":"Campaign started","meta":{"agencyName":"MyAgency"}}
{"level":"error","message":"Request failed with status code 404","meta":{"method":"POST","path":"/campaign/send","stack":"AxiosError: Request failed with status code 404\n    at settle (file:///home/jj/repo/whatsapp-outreach/node_modules/axios/lib/core/settle.js:19:12)\n    at BrotliDecompress.handleStreamEnd (file:///home/jj/repo/whatsapp-outreach/node_modules/axios/lib/adapters/http.js:793:11)\n    at BrotliDecompress.emit (node:events:518:28)\n    at endReadableNT (node:internal/streams/readable:1698:12)\n    at process.processTicksAndRejections (node:internal/process/task_queues:90:21)\n    at Axios.request (file:///home/jj/repo/whatsapp-outreach/node_modules/axios/lib/core/Axios.js:45:41)\n    at process.processTicksAndRejections (node:internal/process/task_queues:105:5)\n    at async sendHelloWorldTemplate (file:///home/jj/repo/whatsapp-outreach/src/services/whatsappService.js:49:22)\n    at async file:///home/jj/repo/whatsapp-outreach/src/controllers/campaignController.js:40:5","statusCode":500}}
{"level":"http","message":"POST /campaign/send"}
{"level":"info","message":"Campaign started","meta":{"agencyName":"MyAgency"}}
{"level":"http","message":"POST /webhook"}
{"level":"http","message":"POST /webhook"}
{"level":"http","message":"POST /webhook"}
{"level":"http","message":"POST /webhook"}
{"level":"http","message":"Incoming WhatsApp message","meta":{"phone":"254715369733","text":"yes"}}
{"level":"info","message":"Contact consented","meta":{"contactId":"290973b1-f221-45ec-830a-9ab738fd5c34"}}
{"level":"info","message":"Samples sent","meta":{"contactId":"290973b1-f221-45ec-830a-9ab738fd5c34"}}
{"level":"http","message":"POST /webhook"}
{"level":"http","message":"POST /webhook"}
{"level":"http","message":"POST /webhook"}
{"level":"info","message":"Campaign completed","meta":{"sent":1}}
{"level":"http","message":"POST /campaign/send"}
{"level":"info","message":"Campaign started","meta":{"agencyName":"MyAgency"}}
{"level":"error","message":"Request failed with status code 401","meta":{"method":"POST","path":"/campaign/send","stack":"AxiosError: Request failed with status code 401\n    at settle (file:///home/jj/repo/whatsapp-outreach/node_modules/axios/lib/core/settle.js:19:12)\n    at BrotliDecompress.handleStreamEnd (file:///home/jj/repo/whatsapp-outreach/node_modules/axios/lib/adapters/http.js:793:11)\n    at BrotliDecompress.emit (node:events:518:28)\n    at endReadableNT (node:internal/streams/readable:1698:12)\n    at process.processTicksAndRejections (node:internal/process/task_queues:90:21)\n    at Axios.request (file:///home/jj/repo/whatsapp-outreach/node_modules/axios/lib/core/Axios.js:45:41)\n    at process.processTicksAndRejections (node:internal/process/task_queues:105:5)\n    at async sendHelloWorldTemplate (file:///home/jj/repo/whatsapp-outreach/src/services/whatsappService.js:49:22)\n    at async file:///home/jj/repo/whatsapp-outreach/src/controllers/campaignController.js:40:5","statusCode":500}}
{"level":"http","message":"POST /campaign/send"}
{"level":"info","message":"Campaign started","meta":{"agencyName":"MyAgency"}}
{"level":"error","message":"Request failed with status code 401","meta":{"method":"POST","path":"/campaign/send","stack":"AxiosError: Request failed with status code 401\n    at settle (file:///home/jj/repo/whatsapp-outreach/node_modules/axios/lib/core/settle.js:19:12)\n    at BrotliDecompress.handleStreamEnd (file:///home/jj/repo/whatsapp-outreach/node_modules/axios/lib/adapters/http.js:793:11)\n    at BrotliDecompress.emit (node:events:518:28)\n    at endReadableNT (node:internal/streams/readable:1698:12)\n    at process.processTicksAndRejections (node:internal/process/task_queues:90:21)\n    at Axios.request (file:///home/jj/repo/whatsapp-outreach/node_modules/axios/lib/core/Axios.js:45:41)\n    at process.processTicksAndRejections (node:internal/process/task_queues:105:5)\n    at async sendHelloWorldTemplate (file:///home/jj/repo/whatsapp-outreach/src/services/whatsappService.js:49:22)\n    at async file:///home/jj/repo/whatsapp-outreach/src/controllers/campaignController.js:40:5","statusCode":500}}
{"level":"http","message":"POST /campaign/send"}
{"level":"info","message":"Campaign started","meta":{"agencyName":"MyAgency"}}
{"level":"http","message":"POST /webhook"}
{"level":"http","message":"POST /webhook"}
{"level":"http","message":"POST /webhook"}
{"level":"http","message":"POST /webhook"}
{"level":"http","message":"Incoming WhatsApp message","meta":{"phone":"254715369733","text":"yes"}}
{"level":"info","message":"Contact consented","meta":{"contactId":"8025b5f5-cc25-4ce8-aecb-991aa03f9dea"}}
{"level":"info","message":"Sales rep assigned","meta":{"contactId":"8025b5f5-cc25-4ce8-aecb-991aa03f9dea","repId":"330d316d-1008-4a1a-9ceb-446ef1f8d729"}}
{"level":"info","message":"Samples sent","meta":{"contactId":"8025b5f5-cc25-4ce8-aecb-991aa03f9dea"}}
{"level":"error","message":"Request failed with status code 400","meta":{"method":"POST","path":"/webhook","stack":"AxiosError: Request failed with status code 400\n    at settle (file:///home/jj/repo/whatsapp-outreach/node_modules/axios/lib/core/settle.js:19:12)\n    at BrotliDecompress.handleStreamEnd (file:///home/jj/repo/whatsapp-outreach/node_modules/axios/lib/adapters/http.js:793:11)\n    at BrotliDecompress.emit (node:events:518:28)\n    at endReadableNT (node:internal/streams/readable:1698:12)\n    at process.processTicksAndRejections (node:internal/process/task_queues:90:21)\n    at Axios.request (file:///home/jj/repo/whatsapp-outreach/node_modules/axios/lib/core/Axios.js:45:41)\n    at process.processTicksAndRejections (node:internal/process/task_queues:105:5)\n    at async file:///home/jj/repo/whatsapp-outreach/src/controllers/webhookController.js:175:9","statusCode":500}}
{"level":"http","message":"POST /webhook"}
{"level":"http","message":"POST /webhook"}
{"level":"http","message":"Incoming WhatsApp message","meta":{"phone":"254715369733","text":"yes"}}
{"level":"http","message":"POST /webhook"}
{"level":"http","message":"POST /webhook"}
{"level":"info","message":"Campaign completed","meta":{"sent":1}}
{"level":"http","message":"GET /webhook?hub.mode=subscribe&hub.challenge=567604381&hub.verify_token=0715369733"}
{"level":"info","message":"Webhook verified successfully"}
{"level":"http","message":"POST /campaign/send"}
{"level":"info","message":"Campaign started","meta":{"agencyName":"MyAgency"}}
{"level":"info","message":"No NEW contacts found"}
{"level":"error","message":"No new contacts available","meta":{"method":"POST","path":"/campaign/send","stack":"Error: No new contacts available\n    at file:///home/jj/repo/whatsapp-outreach/src/controllers/campaignController.js:28:11\n    at process.processTicksAndRejections (node:internal/process/task_queues:105:5)","statusCode":404}}
{"level":"http","message":"POST /campaign/send"}
{"level":"info","message":"Campaign started","meta":{"agencyName":"MyAgency"}}
{"level":"error","message":"Request failed with status code 401","meta":{"method":"POST","path":"/campaign/send","stack":"AxiosError: Request failed with status code 401\n    at settle (file:///home/jj/repo/whatsapp-outreach/node_modules/axios/lib/core/settle.js:19:12)\n    at BrotliDecompress.handleStreamEnd (file:///home/jj/repo/whatsapp-outreach/node_modules/axios/lib/adapters/http.js:793:11)\n    at BrotliDecompress.emit (node:events:518:28)\n    at endReadableNT (node:internal/streams/readable:1698:12)\n    at process.processTicksAndRejections (node:internal/process/task_queues:90:21)\n    at Axios.request (file:///home/jj/repo/whatsapp-outreach/node_modules/axios/lib/core/Axios.js:45:41)\n    at process.processTicksAndRejections (node:internal/process/task_queues:105:5)\n    at async file:///home/jj/repo/whatsapp-outreach/src/controllers/campaignController.js:42:5","statusCode":500}}
{"level":"http","message":"POST /campaign/send"}
{"level":"info","message":"Campaign started","meta":{"agencyName":"MyAgency"}}
{"level":"error","message":"Request failed with status code 400","meta":{"method":"POST","path":"/campaign/send","stack":"AxiosError: Request failed with status code 400\n    at settle (file:///home/jj/repo/whatsapp-outreach/node_modules/axios/lib/core/settle.js:19:12)\n    at BrotliDecompress.handleStreamEnd (file:///home/jj/repo/whatsapp-outreach/node_modules/axios/lib/adapters/http.js:793:11)\n    at BrotliDecompress.emit (node:events:518:28)\n    at endReadableNT (node:internal/streams/readable:1698:12)\n    at process.processTicksAndRejections (node:internal/process/task_queues:90:21)\n    at Axios.request (file:///home/jj/repo/whatsapp-outreach/node_modules/axios/lib/core/Axios.js:45:41)\n    at process.processTicksAndRejections (node:internal/process/task_queues:105:5)\n    at async file:///home/jj/repo/whatsapp-outreach/src/controllers/campaignController.js:42:5","statusCode":500}}
{"level":"http","message":"POST /campaign/send"}
{"level":"info","message":"Campaign started","meta":{"agencyName":"MyAgency"}}
{"level":"error","message":"Request failed with status code 400","meta":{"method":"POST","path":"/campaign/send","stack":"AxiosError: Request failed with status code 400\n    at settle (file:///home/jj/repo/whatsapp-outreach/node_modules/axios/lib/core/settle.js:19:12)\n    at BrotliDecompress.handleStreamEnd (file:///home/jj/repo/whatsapp-outreach/node_modules/axios/lib/adapters/http.js:793:11)\n    at BrotliDecompress.emit (node:events:518:28)\n    at endReadableNT (node:internal/streams/readable:1698:12)\n    at process.processTicksAndRejections (node:internal/process/task_queues:90:21)\n    at Axios.request (file:///home/jj/repo/whatsapp-outreach/node_modules/axios/lib/core/Axios.js:45:41)\n    at process.processTicksAndRejections (node:internal/process/task_queues:105:5)\n    at async sendIntroTemplate (file:///home/jj/repo/whatsapp-outreach/src/services/whatsappService.js:12:22)\n    at async file:///home/jj/repo/whatsapp-outreach/src/controllers/campaignController.js:42:5","statusCode":500}}
{"level":"http","message":"POST /campaign/send"}
{"level":"info","message":"Campaign started","meta":{"agencyName":"MyAgency"}}
{"level":"error","message":"Error","meta":{"method":"POST","path":"/campaign/send","stack":"AggregateError: Error\n    at AxiosError.from (file:///home/jj/repo/whatsapp-outreach/node_modules/axios/lib/core/AxiosError.js:96:14)\n    at RedirectableRequest.handleRequestError (file:///home/jj/repo/whatsapp-outreach/node_modules/axios/lib/adapters/http.js:817:25)\n    at RedirectableRequest.emit (node:events:518:28)\n    at eventHandlers.<computed> (/home/jj/repo/whatsapp-outreach/node_modules/follow-redirects/index.js:49:24)\n    at ClientRequest.emit (node:events:518:28)\n    at emitErrorEvent (node:_http_client:104:11)\n    at TLSSocket.socketErrorListener (node:_http_client:518:5)\n    at TLSSocket.emit (node:events:518:28)\n    at emitErrorNT (node:internal/streams/destroy:170:8)\n    at emitErrorCloseNT (node:internal/streams/destroy:129:3)\n    at Axios.request (file:///home/jj/repo/whatsapp-outreach/node_modules/axios/lib/core/Axios.js:45:41)\n    at process.processTicksAndRejections (node:internal/process/task_queues:105:5)\n    at async sendIntroTemplate (file:///home/jj/repo/whatsapp-outreach/src/services/whatsappService.js:12:22)\n    at async file:///home/jj/repo/whatsapp-outreach/src/controllers/campaignController.js:46:5","statusCode":500}}
{"level":"http","message":"POST /campaign/send"}
{"level":"info","message":"Campaign started","meta":{"agencyName":"MyAgency"}}
{"level":"http","message":"POST /webhook"}
{"level":"http","message":"POST /webhook"}
{"level":"http","message":"POST /webhook"}
{"level":"info","message":"Campaign completed","meta":{"sent":1}}
{"level":"http","message":"POST /webhook"}
{"level":"http","message":"Incoming WhatsApp message","meta":{"phone":"254715369733","text":"yes"}}
{"level":"info","message":"Contact consented","meta":{"contactId":"88008ed5-8202-4773-8995-630be24586cf"}}
{"level":"info","message":"Sales rep assigned","meta":{"contactId":"88008ed5-8202-4773-8995-630be24586cf","repId":"c4087b92-1c93-4043-9737-7bd660f305dc"}}
{"level":"error","message":"Error","meta":{"method":"POST","path":"/webhook","stack":"AggregateError: Error\n    at AxiosError.from (file:///home/jj/repo/whatsapp-outreach/node_modules/axios/lib/core/AxiosError.js:96:14)\n    at RedirectableRequest.handleRequestError (file:///home/jj/repo/whatsapp-outreach/node_modules/axios/lib/adapters/http.js:817:25)\n    at RedirectableRequest.emit (node:events:518:28)\n    at eventHandlers.<computed> (/home/jj/repo/whatsapp-outreach/node_modules/follow-redirects/index.js:49:24)\n    at ClientRequest.emit (node:events:518:28)\n    at emitErrorEvent (node:_http_client:104:11)\n    at TLSSocket.socketErrorListener (node:_http_client:518:5)\n    at TLSSocket.emit (node:events:518:28)\n    at emitErrorNT (node:internal/streams/destroy:170:8)\n    at emitErrorCloseNT (node:internal/streams/destroy:129:3)\n    at Axios.request (file:///home/jj/repo/whatsapp-outreach/node_modules/axios/lib/core/Axios.js:45:41)\n    at process.processTicksAndRejections (node:internal/process/task_queues:105:5)\n    at async file:///home/jj/repo/whatsapp-outreach/src/controllers/webhookController.js:159:7","statusCode":500}}
{"level":"http","message":"POST /webhook"}
{"level":"http","message":"Incoming WhatsApp message","meta":{"phone":"254715369733","text":"yes"}}
{"level":"http","message":"POST /campaign/send"}
{"level":"info","message":"Campaign started","meta":{"agencyName":"Juno Agency"}}
{"level":"info","message":"No NEW contacts found"}
{"level":"error","message":"No new contacts available","meta":{"method":"POST","path":"/campaign/send","stack":"Error: No new contacts available\n    at file:///home/jj/repo/whatsapp-outreach/src/controllers/campaignController.js:28:11\n    at process.processTicksAndRejections (node:internal/process/task_queues:105:5)","statusCode":404}}
{"level":"http","message":"POST /campaign/send"}
{"level":"info","message":"Campaign started","meta":{"agencyName":"Juno Agency"}}
{"level":"error","message":"Request failed with status code 400","meta":{"method":"POST","path":"/campaign/send","stack":"AxiosError: Request failed with status code 400\n    at settle (file:///home/jj/repo/whatsapp-outreach/node_modules/axios/lib/core/settle.js:19:12)\n    at IncomingMessage.handleStreamEnd (file:///home/jj/repo/whatsapp-outreach/node_modules/axios/lib/adapters/http.js:793:11)\n    at IncomingMessage.emit (node:events:530:35)\n    at endReadableNT (node:internal/streams/readable:1698:12)\n    at process.processTicksAndRejections (node:internal/process/task_queues:90:21)\n    at Axios.request (file:///home/jj/repo/whatsapp-outreach/node_modules/axios/lib/core/Axios.js:45:41)\n    at process.processTicksAndRejections (node:internal/process/task_queues:105:5)\n    at async sendIntroTemplate (file:///home/jj/repo/whatsapp-outreach/src/services/whatsappService.js:12:22)\n    at async file:///home/jj/repo/whatsapp-outreach/src/controllers/campaignController.js:46:5","statusCode":500}}
{"level":"http","message":"POST /campaign/send"}
{"level":"info","message":"Campaign started","meta":{"agencyName":"Juno Agency"}}
{"level":"http","message":"POST /webhook"}
{"level":"http","message":"POST /webhook"}
{"level":"http","message":"POST /webhook"}
{"level":"http","message":"POST /webhook"}
{"level":"http","message":"POST /webhook"}
{"level":"http","message":"Incoming WhatsApp message","meta":{"phone":"254715369733","text":"yes"}}
{"level":"info","message":"Contact consented","meta":{"contactId":"89747973-ed8f-4516-a1a6-899635eacb84"}}
{"level":"info","message":"Sales rep assigned","meta":{"contactId":"89747973-ed8f-4516-a1a6-899635eacb84","repId":"a8fef58f-3e56-42ee-977e-63e8d165413d"}}
{"level":"info","message":"Samples sent","meta":{"contactId":"89747973-ed8f-4516-a1a6-899635eacb84"}}
{"level":"http","message":"POST /webhook"}
{"level":"http","message":"POST /webhook"}
{"level":"http","message":"POST /webhook"}
{"level":"info","message":"Campaign completed","meta":{"sent":1}}
{"level":"http","message":"POST /campaign/send"}
{"level":"info","message":"Campaign started","meta":{"agencyName":"Juno Agency"}}
{"level":"info","message":"No NEW contacts found"}
{"level":"error","message":"No new contacts available","meta":{"method":"POST","path":"/campaign/send","stack":"Error: No new contacts available\n    at file:///home/jj/repo/whatsapp-outreach/src/controllers/campaignController.js:28:11\n    at process.processTicksAndRejections (node:internal/process/task_queues:105:5)","statusCode":404}}
{"level":"http","message":"POST /campaign/send"}
{"level":"info","message":"Campaign started","meta":{"agencyName":"Juno Agency"}}
{"level":"http","message":"POST /webhook"}
{"level":"http","message":"POST /webhook"}
{"level":"http","message":"POST /webhook"}
{"level":"info","message":"Campaign completed","meta":{"sent":1}}
{"level":"http","message":"POST /webhook"}
{"level":"http","message":"Incoming WhatsApp message","meta":{"phone":"254715369733","text":"yes"}}
{"level":"info","message":"Contact consented","meta":{"contactId":"2971f73e-fca7-40e7-a50e-ab14fe35e4b5"}}
{"level":"info","message":"Sales rep assigned","meta":{"contactId":"2971f73e-fca7-40e7-a50e-ab14fe35e4b5","repId":"8282b4e2-5015-4136-8fc8-c5171cd19579"}}
{"level":"info","message":"Samples sent","meta":{"contactId":"2971f73e-fca7-40e7-a50e-ab14fe35e4b5"}}
{"level":"info","message":"Samples sent","meta":{"contactId":"2971f73e-fca7-40e7-a50e-ab14fe35e4b5"}}
{"level":"http","message":"POST /webhook"}
{"level":"http","message":"POST /webhook"}
{"level":"http","message":"POST /webhook"}
{"level":"http","message":"POST /webhook"}
{"level":"http","message":"POST /webhook"}
{"level":"http","message":"POST /webhook"}
{"level":"http","message":"POST /webhook"}
{"level":"http","message":"POST /webhook"}
{"level":"http","message":"POST /webhook"}
{"level":"http","message":"POST /campaign/send"}
{"level":"info","message":"Campaign started","meta":{"agencyName":"Juno Agency"}}
{"level":"error","message":"Request failed with status code 401","meta":{"method":"POST","path":"/campaign/send","stack":"AxiosError: Request failed with status code 401\n    at settle (file:///home/jj/repo/whatsapp-outreach/node_modules/axios/lib/core/settle.js:19:12)\n    at BrotliDecompress.handleStreamEnd (file:///home/jj/repo/whatsapp-outreach/node_modules/axios/lib/adapters/http.js:793:11)\n    at BrotliDecompress.emit (node:events:518:28)\n    at endReadableNT (node:internal/streams/readable:1698:12)\n    at process.processTicksAndRejections (node:internal/process/task_queues:90:21)\n    at Axios.request (file:///home/jj/repo/whatsapp-outreach/node_modules/axios/lib/core/Axios.js:45:41)\n    at process.processTicksAndRejections (node:internal/process/task_queues:105:5)\n    at async sendIntroTemplate (file:///home/jj/repo/whatsapp-outreach/src/services/whatsappService.js:12:22)\n    at async file:///home/jj/repo/whatsapp-outreach/src/controllers/campaignController.js:46:5","statusCode":500}}
{"level":"http","message":"POST /campaign/send"}
{"level":"info","message":"Campaign started","meta":{"agencyName":"Juno Agency"}}
{"level":"error","message":"Request failed with status code 400","meta":{"method":"POST","path":"/campaign/send","stack":"AxiosError: Request failed with status code 400\n    at settle (file:///home/jj/repo/whatsapp-outreach/node_modules/axios/lib/core/settle.js:19:12)\n    at BrotliDecompress.handleStreamEnd (file:///home/jj/repo/whatsapp-outreach/node_modules/axios/lib/adapters/http.js:793:11)\n    at BrotliDecompress.emit (node:events:518:28)\n    at endReadableNT (node:internal/streams/readable:1698:12)\n    at process.processTicksAndRejections (node:internal/process/task_queues:90:21)\n    at Axios.request (file:///home/jj/repo/whatsapp-outreach/node_modules/axios/lib/core/Axios.js:45:41)\n    at process.processTicksAndRejections (node:internal/process/task_queues:105:5)\n    at async sendIntroTemplate (file:///home/jj/repo/whatsapp-outreach/src/services/whatsappService.js:12:22)\n    at async file:///home/jj/repo/whatsapp-outreach/src/controllers/campaignController.js:46:5","statusCode":500}}
{"level":"http","message":"POST /campaign/send"}
{"level":"info","message":"Campaign started","meta":{"agencyName":"Juno Agency"}}
{"level":"http","message":"POST /webhook"}
{"level":"http","message":"POST /webhook"}
{"level":"info","message":"Campaign completed","meta":{"sent":1}}
{"level":"http","message":"POST /webhook"}
{"level":"http","message":"Incoming WhatsApp message","meta":{"phone":"254705666724","text":"yes"}}
{"level":"info","message":"Contact consented","meta":{"contactId":"624097ac-eb2d-497e-8c33-c7adfad10f42"}}
{"level":"info","message":"Sales rep assigned","meta":{"contactId":"624097ac-eb2d-497e-8c33-c7adfad10f42","repId":"8282b4e2-5015-4136-8fc8-c5171cd19579"}}
{"level":"info","message":"Samples sent","meta":{"contactId":"624097ac-eb2d-497e-8c33-c7adfad10f42"}}
{"level":"info","message":"Samples sent","meta":{"contactId":"624097ac-eb2d-497e-8c33-c7adfad10f42"}}
{"level":"http","message":"POST /webhook"}
{"level":"http","message":"POST /webhook"}
{"level":"http","message":"POST /auth/signup"}
{"level":"error","message":"Cannot read properties of undefined (reading 'findUnique')","meta":{"method":"POST","path":"/auth/signup","stack":"TypeError: Cannot read properties of undefined (reading 'findUnique')\n    at file:///home/jj/repo/whatsapp-outreach/src/controllers/authController.js:35:42\n    at file:///home/jj/repo/whatsapp-outreach/src/utils/catchAsync.js:4:21\n    at Layer.handleRequest (/home/jj/repo/whatsapp-outreach/node_modules/router/lib/layer.js:152:17)\n    at next (/home/jj/repo/whatsapp-outreach/node_modules/router/lib/route.js:157:13)\n    at Route.dispatch (/home/jj/repo/whatsapp-outreach/node_modules/router/lib/route.js:117:3)\n    at handle (/home/jj/repo/whatsapp-outreach/node_modules/router/index.js:435:11)\n    at Layer.handleRequest (/home/jj/repo/whatsapp-outreach/node_modules/router/lib/layer.js:152:17)\n    at /home/jj/repo/whatsapp-outreach/node_modules/router/index.js:295:15\n    at processParams (/home/jj/repo/whatsapp-outreach/node_modules/router/index.js:582:12)\n    at next (/home/jj/repo/whatsapp-outreach/node_modules/router/index.js:291:5)","statusCode":500}}
{"level":"http","message":"POST /auth/signup"}
{"level":"error","message":"Cannot read properties of undefined (reading 'findUnique')","meta":{"method":"POST","path":"/auth/signup","stack":"TypeError: Cannot read properties of undefined (reading 'findUnique')\n    at file:///home/jj/repo/whatsapp-outreach/src/controllers/authController.js:36:42\n    at file:///home/jj/repo/whatsapp-outreach/src/utils/catchAsync.js:4:21\n    at Layer.handleRequest (/home/jj/repo/whatsapp-outreach/node_modules/router/lib/layer.js:152:17)\n    at next (/home/jj/repo/whatsapp-outreach/node_modules/router/lib/route.js:157:13)\n    at Route.dispatch (/home/jj/repo/whatsapp-outreach/node_modules/router/lib/route.js:117:3)\n    at handle (/home/jj/repo/whatsapp-outreach/node_modules/router/index.js:435:11)\n    at Layer.handleRequest (/home/jj/repo/whatsapp-outreach/node_modules/router/lib/layer.js:152:17)\n    at /home/jj/repo/whatsapp-outreach/node_modules/router/index.js:295:15\n    at processParams (/home/jj/repo/whatsapp-outreach/node_modules/router/index.js:582:12)\n    at next (/home/jj/repo/whatsapp-outreach/node_modules/router/index.js:291:5)","statusCode":500}}
{"level":"http","message":"POST /auth/signup"}
{"level":"error","message":"Cannot read properties of undefined (reading 'findUnique')","meta":{"method":"POST","path":"/auth/signup","stack":"TypeError: Cannot read properties of undefined (reading 'findUnique')\n    at file:///home/jj/repo/whatsapp-outreach/src/controllers/authController.js:36:42\n    at file:///home/jj/repo/whatsapp-outreach/src/utils/catchAsync.js:4:21\n    at Layer.handleRequest (/home/jj/repo/whatsapp-outreach/node_modules/router/lib/layer.js:152:17)\n    at next (/home/jj/repo/whatsapp-outreach/node_modules/router/lib/route.js:157:13)\n    at Route.dispatch (/home/jj/repo/whatsapp-outreach/node_modules/router/lib/route.js:117:3)\n    at handle (/home/jj/repo/whatsapp-outreach/node_modules/router/index.js:435:11)\n    at Layer.handleRequest (/home/jj/repo/whatsapp-outreach/node_modules/router/lib/layer.js:152:17)\n    at /home/jj/repo/whatsapp-outreach/node_modules/router/index.js:295:15\n    at processParams (/home/jj/repo/whatsapp-outreach/node_modules/router/index.js:582:12)\n    at next (/home/jj/repo/whatsapp-outreach/node_modules/router/index.js:291:5)","statusCode":500}}
{"level":"http","message":"POST /auth/signup"}
{"level":"info","message":"User signup completed","meta":{"organizationId":"249b67b8-e347-403a-8f64-1def99c40048","userId":"c7c6c4a5-1891-4824-a57a-c862b02c0fc5"}}
{"level":"http","message":"POST /auth/login"}
{"level":"info","message":"User login successful","meta":{"userId":"c7c6c4a5-1891-4824-a57a-c862b02c0fc5"}}
{"level":"http","message":"GET /auth/me"}
{"level":"error","message":"Authentication error","meta":{"error":"\nInvalid `prisma.user.findUnique()` invocation:\n\n{\n  where: {\n    id: \"c7c6c4a5-1891-4824-a57a-c862b02c0fc5\"\n  },\n  include: {\n    role: true,\n    ~~~~\n    name: true,\n    organization: true,\n?   organization?: true,\n?   salesRep?: true\n  }\n}\n\nInvalid scalar field `role` for include statement on model User. Available options are marked with ?.\nNote that include statements only accept relation fields."}}
{"level":"http","message":"GET /auth/me"}
{"level":"info","message":"Token verified successfully","meta":{"userId":"c7c6c4a5-1891-4824-a57a-c862b02c0fc5"}}
{"level":"error","message":"Authentication error","meta":{"error":"\nInvalid `prisma.user.findUnique()` invocation:\n\n{\n  where: {\n    id: \"c7c6c4a5-1891-4824-a57a-c862b02c0fc5\"\n  },\n  include: {\n    role: true,\n    ~~~~\n    name: true,\n    organization: true,\n?   organization?: true,\n?   salesRep?: true\n  }\n}\n\nInvalid scalar field `role` for include statement on model User. Available options are marked with ?.\nNote that include statements only accept relation fields."}}
{"level":"http","message":"GET /auth/me"}
{"level":"http","message":"PUT /auth/profile"}
{"level":"info","message":"User profile updated","meta":{"userId":"c7c6c4a5-1891-4824-a57a-c862b02c0fc5"}}
{"level":"http","message":"POST /auth/change-password"}
{"level":"info","message":"User password changed","meta":{"userId":"c7c6c4a5-1891-4824-a57a-c862b02c0fc5"}}
{"level":"http","message":"GET /auth/me"}
{"level":"http","message":"POST /auth/login"}
{"level":"error","message":"Invalid email or password","meta":{"method":"POST","path":"/auth/login","stack":"Error: Invalid email or password\n    at file:///home/jj/repo/whatsapp-outreach/src/controllers/authController.js:149:11\n    at process.processTicksAndRejections (node:internal/process/task_queues:105:5)","statusCode":401}}
{"level":"http","message":"GET /organization"}
{"level":"http","message":"GET /organization/stats"}
{"level":"http","message":"GET /organization/activity"}
{"level":"http","message":"GET /organization/team"}
{"level":"http","message":"POST /auth/signup"}
{"level":"error","message":"\nInvalid `prisma.user.create()` invocation:\n\n{\n  data: {\n    name: \"Sandra Kome\",\n    email: \"Britamsandra@gmail.com\",\n    password: \"$2a$10$hs9uSyT/seLNny3yamTYcuqeJIPRoU4pXLAbicZhd0PgbbBNTc.k6\",\n    role: \"ADMIN\",\n+   organization: {\n+     create: OrganizationCreateWithoutUsersInput | OrganizationUncheckedCreateWithoutUsersInput,\n+     connectOrCreate: OrganizationCreateOrConnectWithoutUsersInput,\n+     connect: OrganizationWhereUniqueInput\n+   }\n  }\n}\n\nArgument `organization` is missing.","meta":{"method":"POST","path":"/auth/signup","stack":"PrismaClientValidationError: \nInvalid `prisma.user.create()` invocation:\n\n{\n  data: {\n    name: \"Sandra Kome\",\n    email: \"Britamsandra@gmail.com\",\n    password: \"$2a$10$hs9uSyT/seLNny3yamTYcuqeJIPRoU4pXLAbicZhd0PgbbBNTc.k6\",\n    role: \"ADMIN\",\n+   organization: {\n+     create: OrganizationCreateWithoutUsersInput | OrganizationUncheckedCreateWithoutUsersInput,\n+     connectOrCreate: OrganizationCreateOrConnectWithoutUsersInput,\n+     connect: OrganizationWhereUniqueInput\n+   }\n  }\n}\n\nArgument `organization` is missing.\n    at rr (/home/jj/repo/whatsapp-outreach/node_modules/@prisma/client/runtime/client.js:10:1379)\n    at Vr.handleRequestError (/home/jj/repo/whatsapp-outreach/node_modules/@prisma/client/runtime/client.js:65:7815)\n    at Vr.handleAndLogRequestError (/home/jj/repo/whatsapp-outreach/node_modules/@prisma/client/runtime/client.js:65:7467)\n    at Vr.request (/home/jj/repo/whatsapp-outreach/node_modules/@prisma/client/runtime/client.js:65:7174)\n    at async a (/home/jj/repo/whatsapp-outreach/node_modules/@prisma/client/runtime/client.js:75:5816)\n    at async file:///home/jj/repo/whatsapp-outreach/src/controllers/authController.js:41:16","statusCode":500}}
{"level":"http","message":"POST /auth/signup"}
{"level":"error","message":"\nInvalid `prisma.user.create()` invocation:\n\n{\n  data: {\n    name: \"Sandra Kome\",\n    email: \"Britamsandra@gmail.com\",\n    password: \"$2a$10$Rz2HuU41g4Ki51mWaUEvz.tRGtua58X.m2N3ap3BCqkQiHKpukk4K\",\n    role: \"ADMIN\",\n+   organization: {\n+     create: OrganizationCreateWithoutUsersInput | OrganizationUncheckedCreateWithoutUsersInput,\n+     connectOrCreate: OrganizationCreateOrConnectWithoutUsersInput,\n+     connect: OrganizationWhereUniqueInput\n+   }\n  }\n}\n\nArgument `organization` is missing.","meta":{"method":"POST","path":"/auth/signup","stack":"PrismaClientValidationError: \nInvalid `prisma.user.create()` invocation:\n\n{\n  data: {\n    name: \"Sandra Kome\",\n    email: \"Britamsandra@gmail.com\",\n    password: \"$2a$10$Rz2HuU41g4Ki51mWaUEvz.tRGtua58X.m2N3ap3BCqkQiHKpukk4K\",\n    role: \"ADMIN\",\n+   organization: {\n+     create: OrganizationCreateWithoutUsersInput | OrganizationUncheckedCreateWithoutUsersInput,\n+     connectOrCreate: OrganizationCreateOrConnectWithoutUsersInput,\n+     connect: OrganizationWhereUniqueInput\n+   }\n  }\n}\n\nArgument `organization` is missing.\n    at rr (/home/jj/repo/whatsapp-outreach/node_modules/@prisma/client/runtime/client.js:10:1379)\n    at Vr.handleRequestError (/home/jj/repo/whatsapp-outreach/node_modules/@prisma/client/runtime/client.js:65:7815)\n    at Vr.handleAndLogRequestError (/home/jj/repo/whatsapp-outreach/node_modules/@prisma/client/runtime/client.js:65:7467)\n    at Vr.request (/home/jj/repo/whatsapp-outreach/node_modules/@prisma/client/runtime/client.js:65:7174)\n    at async a (/home/jj/repo/whatsapp-outreach/node_modules/@prisma/client/runtime/client.js:75:5816)\n    at async file:///home/jj/repo/whatsapp-outreach/src/controllers/authController.js:41:16","statusCode":500}}
{"level":"http","message":"POST /auth/signup"}
{"level":"error","message":"\nInvalid `prisma.user.create()` invocation:\n\n{\n  data: {\n    name: \"Sandra Kome\",\n    email: \"Britamsandra@gmail.com\",\n    password: \"$2a$10$AFdNfo5FSQluNZoZMQ4I9O6raTnL9vuY6jRF.rhh2pIzVzN9aJWzm\",\n    role: \"ADMIN\",\n+   organization: {\n+     create: OrganizationCreateWithoutUsersInput | OrganizationUncheckedCreateWithoutUsersInput,\n+     connectOrCreate: OrganizationCreateOrConnectWithoutUsersInput,\n+     connect: OrganizationWhereUniqueInput\n+   }\n  }\n}\n\nArgument `organization` is missing.","meta":{"method":"POST","path":"/auth/signup","stack":"PrismaClientValidationError: \nInvalid `prisma.user.create()` invocation:\n\n{\n  data: {\n    name: \"Sandra Kome\",\n    email: \"Britamsandra@gmail.com\",\n    password: \"$2a$10$AFdNfo5FSQluNZoZMQ4I9O6raTnL9vuY6jRF.rhh2pIzVzN9aJWzm\",\n    role: \"ADMIN\",\n+   organization: {\n+     create: OrganizationCreateWithoutUsersInput | OrganizationUncheckedCreateWithoutUsersInput,\n+     connectOrCreate: OrganizationCreateOrConnectWithoutUsersInput,\n+     connect: OrganizationWhereUniqueInput\n+   }\n  }\n}\n\nArgument `organization` is missing.\n    at rr (/home/jj/repo/whatsapp-outreach/node_modules/@prisma/client/runtime/client.js:10:1379)\n    at Vr.handleRequestError (/home/jj/repo/whatsapp-outreach/node_modules/@prisma/client/runtime/client.js:65:7815)\n    at Vr.handleAndLogRequestError (/home/jj/repo/whatsapp-outreach/node_modules/@prisma/client/runtime/client.js:65:7467)\n    at Vr.request (/home/jj/repo/whatsapp-outreach/node_modules/@prisma/client/runtime/client.js:65:7174)\n    at async a (/home/jj/repo/whatsapp-outreach/node_modules/@prisma/client/runtime/client.js:75:5816)\n    at async file:///home/jj/repo/whatsapp-outreach/src/controllers/authController.js:41:16","statusCode":500}}
{"level":"http","message":"POST /auth/signup"}
{"level":"error","message":"\nInvalid `prisma.user.create()` invocation:\n\n{\n  data: {\n    name: \"Sandra Kome\",\n    email: \"Britamsandra@gmail.com\",\n    password: \"$2a$10$Z6KfoZTJBuUG83ehMQWjdePrQRbZUfbk8D4.TNHzK/E2TNXA.DUzq\",\n    role: \"ADMIN\",\n+   organization: {\n+     create: OrganizationCreateWithoutUsersInput | OrganizationUncheckedCreateWithoutUsersInput,\n+     connectOrCreate: OrganizationCreateOrConnectWithoutUsersInput,\n+     connect: OrganizationWhereUniqueInput\n+   }\n  }\n}\n\nArgument `organization` is missing.","meta":{"method":"POST","path":"/auth/signup","stack":"PrismaClientValidationError: \nInvalid `prisma.user.create()` invocation:\n\n{\n  data: {\n    name: \"Sandra Kome\",\n    email: \"Britamsandra@gmail.com\",\n    password: \"$2a$10$Z6KfoZTJBuUG83ehMQWjdePrQRbZUfbk8D4.TNHzK/E2TNXA.DUzq\",\n    role: \"ADMIN\",\n+   organization: {\n+     create: OrganizationCreateWithoutUsersInput | OrganizationUncheckedCreateWithoutUsersInput,\n+     connectOrCreate: OrganizationCreateOrConnectWithoutUsersInput,\n+     connect: OrganizationWhereUniqueInput\n+   }\n  }\n}\n\nArgument `organization` is missing.\n    at rr (/home/jj/repo/whatsapp-outreach/node_modules/@prisma/client/runtime/client.js:10:1379)\n    at Vr.handleRequestError (/home/jj/repo/whatsapp-outreach/node_modules/@prisma/client/runtime/client.js:65:7815)\n    at Vr.handleAndLogRequestError (/home/jj/repo/whatsapp-outreach/node_modules/@prisma/client/runtime/client.js:65:7467)\n    at Vr.request (/home/jj/repo/whatsapp-outreach/node_modules/@prisma/client/runtime/client.js:65:7174)\n    at async a (/home/jj/repo/whatsapp-outreach/node_modules/@prisma/client/runtime/client.js:75:5816)\n    at async file:///home/jj/repo/whatsapp-outreach/src/controllers/authController.js:41:16","statusCode":500}}
{"level":"http","message":"POST /auth/signup"}
{"level":"error","message":"\nInvalid `prisma.user.create()` invocation:\n\n{\n  data: {\n    name: \"Sandra Kome\",\n    email: \"Britamsandra@gmail.com\",\n    password: \"$2a$10$QAO1jB0xtvI.OGIENwwcqudZKcVJiLNRamqh28z2cD6UScix7fNIq\",\n    role: \"ADMIN\",\n+   organization: {\n+     create: OrganizationCreateWithoutUsersInput | OrganizationUncheckedCreateWithoutUsersInput,\n+     connectOrCreate: OrganizationCreateOrConnectWithoutUsersInput,\n+     connect: OrganizationWhereUniqueInput\n+   }\n  }\n}\n\nArgument `organization` is missing.","meta":{"method":"POST","path":"/auth/signup","stack":"PrismaClientValidationError: \nInvalid `prisma.user.create()` invocation:\n\n{\n  data: {\n    name: \"Sandra Kome\",\n    email: \"Britamsandra@gmail.com\",\n    password: \"$2a$10$QAO1jB0xtvI.OGIENwwcqudZKcVJiLNRamqh28z2cD6UScix7fNIq\",\n    role: \"ADMIN\",\n+   organization: {\n+     create: OrganizationCreateWithoutUsersInput | OrganizationUncheckedCreateWithoutUsersInput,\n+     connectOrCreate: OrganizationCreateOrConnectWithoutUsersInput,\n+     connect: OrganizationWhereUniqueInput\n+   }\n  }\n}\n\nArgument `organization` is missing.\n    at rr (/home/jj/repo/whatsapp-outreach/node_modules/@prisma/client/runtime/client.js:10:1379)\n    at Vr.handleRequestError (/home/jj/repo/whatsapp-outreach/node_modules/@prisma/client/runtime/client.js:65:7815)\n    at Vr.handleAndLogRequestError (/home/jj/repo/whatsapp-outreach/node_modules/@prisma/client/runtime/client.js:65:7467)\n    at Vr.request (/home/jj/repo/whatsapp-outreach/node_modules/@prisma/client/runtime/client.js:65:7174)\n    at async a (/home/jj/repo/whatsapp-outreach/node_modules/@prisma/client/runtime/client.js:75:5816)\n    at async file:///home/jj/repo/whatsapp-outreach/src/controllers/authController.js:41:16","statusCode":500}}
{"level":"http","message":"POST /auth/signup"}
{"level":"info","message":"User signup completed","meta":{"userId":"6d40709b-b45a-485f-8529-08c46d89a378"}}
{"level":"http","message":"POST /organization"}
{"level":"http","message":"POST /organization/connect-whatsapp"}
{"date":"Fri Jan 30 2026 17:42:34 GMT+0300 (East Africa Time)","error":{"code":"MODULE_NOT_FOUND","requireStack":["/home/jj/repo/whatsapp-outreach/node_modules/@prisma/client/default.js"]},"level":"error","message":"unhandledRejection: Cannot find module '.prisma/client/default'\nRequire stack:\n- /home/jj/repo/whatsapp-outreach/node_modules/@prisma/client/default.js\nError: Cannot find module '.prisma/client/default'\nRequire stack:\n- /home/jj/repo/whatsapp-outreach/node_modules/@prisma/client/default.js\n    at Module._resolveFilename (node:internal/modules/cjs/loader:1134:15)\n    at Module._load (node:internal/modules/cjs/loader:975:27)\n    at Module.require (node:internal/modules/cjs/loader:1225:19)\n    at require (node:internal/modules/helpers:177:18)\n    at Object.<anonymous> (/home/jj/repo/whatsapp-outreach/node_modules/@prisma/client/default.js:2:6)\n    at Module._compile (node:internal/modules/cjs/loader:1356:14)\n    at Module._extensions..js (node:internal/modules/cjs/loader:1414:10)\n    at Module.load (node:internal/modules/cjs/loader:1197:32)\n    at Module._load (node:internal/modules/cjs/loader:1013:12)\n    at ModuleWrap.<anonymous> (node:internal/modules/esm/translators:202:29)","os":{"loadavg":[1.19,0.97,0.89],"uptime":98897.48},"process":{"argv":["/usr/bin/node","/home/jj/repo/whatsapp-outreach/src/server.js"],"cwd":"/home/jj/repo/whatsapp-outreach","execPath":"/usr/bin/node","gid":1000,"memoryUsage":{"arrayBuffers":377007,"external":3003935,"heapTotal":19959808,"heapUsed":13145048,"rss":74477568},"pid":89194,"uid":1000,"version":"v18.19.1"},"rejection":true,"stack":"Error: Cannot find module '.prisma/client/default'\nRequire stack:\n- /home/jj/repo/whatsapp-outreach/node_modules/@prisma/client/default.js\n    at Module._resolveFilename (node:internal/modules/cjs/loader:1134:15)\n    at Module._load (node:internal/modules/cjs/loader:975:27)\n    at Module.require (node:internal/modules/cjs/loader:1225:19)\n    at require (node:internal/modules/helpers:177:18)\n    at Object.<anonymous> (/home/jj/repo/whatsapp-outreach/node_modules/@prisma/client/default.js:2:6)\n    at Module._compile (node:internal/modules/cjs/loader:1356:14)\n    at Module._extensions..js (node:internal/modules/cjs/loader:1414:10)\n    at Module.load (node:internal/modules/cjs/loader:1197:32)\n    at Module._load (node:internal/modules/cjs/loader:1013:12)\n    at ModuleWrap.<anonymous> (node:internal/modules/esm/translators:202:29)","trace":[{"column":15,"file":"node:internal/modules/cjs/loader","function":"Module._resolveFilename","line":1134,"method":"_resolveFilename","native":false},{"column":27,"file":"node:internal/modules/cjs/loader","function":"Module._load","line":975,"method":"_load","native":false},{"column":19,"file":"node:internal/modules/cjs/loader","function":"Module.require","line":1225,"method":"require","native":false},{"column":18,"file":"node:internal/modules/helpers","function":"require","line":177,"method":null,"native":false},{"column":6,"file":"/home/jj/repo/whatsapp-outreach/node_modules/@prisma/client/default.js","function":null,"line":2,"method":null,"native":false},{"column":14,"file":"node:internal/modules/cjs/loader","function":"Module._compile","line":1356,"method":"_compile","native":false},{"column":10,"file":"node:internal/modules/cjs/loader","function":"Module._extensions..js","line":1414,"method":".js","native":false},{"column":32,"file":"node:internal/modules/cjs/loader","function":"Module.load","line":1197,"method":"load","native":false},{"column":12,"file":"node:internal/modules/cjs/loader","function":"Module._load","line":1013,"method":"_load","native":false},{"column":29,"file":"node:internal/modules/esm/translators","function":null,"line":202,"method":null,"native":false}]}
{"level":"http","message":"POST /organization/whatsapp-templates"}
{"level":"http","message":"POST /auth/login"}
{"level":"error","message":"Invalid email or password","meta":{"method":"POST","path":"/auth/login","stack":"Error: Invalid email or password\n    at file:///home/jj/repo/whatsapp-outreach/src/controllers/authController.js:88:11\n    at process.processTicksAndRejections (node:internal/process/task_queues:105:5)","statusCode":401}}
{"level":"http","message":"POST /auth/login"}
{"level":"error","message":"\nInvalid `prisma.user.findUnique()` invocation:\n\n\nThe column `(not available)` does not exist in the current database.","meta":{"method":"POST","path":"/auth/login","stack":"PrismaClientKnownRequestError: \nInvalid `prisma.user.findUnique()` invocation:\n\n\nThe column `(not available)` does not exist in the current database.\n    at Vr.handleRequestError (/home/jj/repo/whatsapp-outreach/node_modules/@prisma/client/runtime/client.js:65:8172)\n    at Vr.handleAndLogRequestError (/home/jj/repo/whatsapp-outreach/node_modules/@prisma/client/runtime/client.js:65:7467)\n    at Vr.request (/home/jj/repo/whatsapp-outreach/node_modules/@prisma/client/runtime/client.js:65:7174)\n    at process.processTicksAndRejections (node:internal/process/task_queues:105:5)\n    at async a (/home/jj/repo/whatsapp-outreach/node_modules/@prisma/client/runtime/client.js:75:5816)\n    at async file:///home/jj/repo/whatsapp-outreach/src/controllers/authController.js:80:16","statusCode":500}}
{"level":"http","message":"POST /auth/login"}
{"level":"error","message":"\nInvalid `prisma.user.findUnique()` invocation:\n\n\nThe column `(not available)` does not exist in the current database.","meta":{"method":"POST","path":"/auth/login","stack":"PrismaClientKnownRequestError: \nInvalid `prisma.user.findUnique()` invocation:\n\n\nThe column `(not available)` does not exist in the current database.\n    at Vr.handleRequestError (/home/jj/repo/whatsapp-outreach/node_modules/@prisma/client/runtime/client.js:65:8172)\n    at Vr.handleAndLogRequestError (/home/jj/repo/whatsapp-outreach/node_modules/@prisma/client/runtime/client.js:65:7467)\n    at Vr.request (/home/jj/repo/whatsapp-outreach/node_modules/@prisma/client/runtime/client.js:65:7174)\n    at process.processTicksAndRejections (node:internal/process/task_queues:105:5)\n    at async a (/home/jj/repo/whatsapp-outreach/node_modules/@prisma/client/runtime/client.js:75:5816)\n    at async file:///home/jj/repo/whatsapp-outreach/src/controllers/authController.js:80:16","statusCode":500}}
{"level":"http","message":"POST /auth/login"}
{"level":"info","message":"User login successful","meta":{"userId":"6d40709b-b45a-485f-8529-08c46d89a378"}}
{"level":"http","message":"POST /organization/whatsapp-templates"}
{"level":"info","message":"WhatsApp template created","meta":{"name":"intro_marketing_agency","templateId":"327fddb8-35a7-4aa8-8ef6-fcbd7f7ac5ff"}}
{"level":"http","message":"GET /organization/whatsapp-templates"}
{"level":"http","message":"POST /organization/whatsapp-numbers"}
{"level":"info","message":"WhatsApp number added","meta":{"organizationId":"b25ec809-719e-4f54-93c4-9beacbf8ec3b","phoneNumber":"15551593985","userId":"6d40709b-b45a-485f-8529-08c46d89a378","whatsappNumberId":"e83cae43-31de-4437-8a06-65bdd4d15aab"}}
{"level":"http","message":"POST /organization/contacts"}
{"level":"http","message":"POST /campaigns/send"}
{"level":"http","message":"POST /campaign/send"}
{"level":"http","message":"POST /campaign/send"}
{"level":"error","message":"Error sending WhatsApp template","meta":{"error":{"error":{"code":132000,"error_data":{"details":"body: number of localizable_params (1) does not match the expected number of params (3)","messaging_product":"whatsapp"},"fbtrace_id":"ANUrwnZAlgdgfGWcYmMsh7v","message":"(#132000) Number of parameters does not match the expected number of params","type":"OAuthException"}},"phone":"+254715369733","templateName":"intro_marketing_agency"}}
{"level":"http","message":"POST /campaign/send"}
{"level":"http","message":"POST /campaign/send"}
{"level":"http","message":"POST /campaign/send"}
{"level":"info","message":"WhatsApp template sent successfully","meta":{"messageId":"wamid.HBgMMjU0NzE1MzY5NzMzFQIAERgSMDA0NzlDNTY4MUNDNzAxREIzAA==","phone":"+254715369733","templateName":"intro_marketing_agency"}}
{"level":"http","message":"GET /webhook?hub.mode=subscribe&hub.challenge=501727796&hub.verify_token=0715369733"}
{"level":"info","message":"Webhook verified successfully"}
{"level":"http","message":"POST /organization/contacts"}
{"level":"http","message":"POST /campaign/send"}
{"level":"error","message":"Error sending WhatsApp template","meta":{"error":"getaddrinfo EAI_AGAIN graph.facebook.com","phone":"+254715369733","templateName":"intro_marketing_agency"}}
{"contactId":"c9f3587d-5d44-4769-bce4-7a035017a550","error":"getaddrinfo EAI_AGAIN graph.facebook.com","level":"error","message":"Campaign send failed","phone":"254715369733","stack":"Error: getaddrinfo EAI_AGAIN graph.facebook.com\n    at AxiosError.from (file:///home/jj/repo/whatsapp-outreach/node_modules/axios/lib/core/AxiosError.js:7:28)\n    at RedirectableRequest.handleRequestError (file:///home/jj/repo/whatsapp-outreach/node_modules/axios/lib/adapters/http.js:820:25)\n    at RedirectableRequest.emit (node:events:518:28)\n    at eventHandlers.<computed> (/home/jj/repo/whatsapp-outreach/node_modules/follow-redirects/index.js:49:24)\n    at ClientRequest.emit (node:events:518:28)\n    at emitErrorEvent (node:_http_client:104:11)\n    at TLSSocket.socketErrorListener (node:_http_client:518:5)\n    at TLSSocket.emit (node:events:518:28)\n    at emitErrorNT (node:internal/streams/destroy:170:8)\n    at emitErrorCloseNT (node:internal/streams/destroy:129:3)\n    at Axios.request (file:///home/jj/repo/whatsapp-outreach/node_modules/axios/lib/core/Axios.js:45:41)\n    at process.processTicksAndRejections (node:internal/process/task_queues:105:5)\n    at async sendTemplate (file:///home/jj/repo/whatsapp-outreach/src/services/whatsappService.js:54:22)\n    at async file:///home/jj/repo/whatsapp-outreach/src/controllers/campaignController.js:82:7"}
{"level":"http","message":"POST /campaign/send"}
{"level":"info","message":"WhatsApp template sent successfully","meta":{"messageId":"wamid.HBgMMjU0NzE1MzY5NzMzFQIAERgSRDM2QkE2MTcxOUJDRjU0QzkxAA==","phone":"+254715369733","templateName":"intro_marketing_agency"}}
{"level":"http","message":"POST /webhook"}
{"level":"http","message":"POST /webhook"}
{"level":"http","message":"POST /webhook"}
{"level":"http","message":"POST /webhook"}
{"level":"http","message":"POST /organization/contacts"}
{"level":"http","message":"POST /campaign/send"}
{"level":"info","message":"WhatsApp template sent successfully","meta":{"messageId":"wamid.HBgMMjU0NzE1MzY5NzMzFQIAERgSRTEzQTg2RUUzRTA4QTc1MjQ4AA==","phone":"+254715369733","templateName":"intro_marketing_agency"}}
{"level":"http","message":"POST /webhook"}
{"level":"http","message":"POST /webhook"}
{"level":"http","message":"POST /organization/contacts"}
{"level":"http","message":"POST /campaign/send"}
{"level":"info","message":"WhatsApp template sent successfully","meta":{"messageId":"wamid.HBgMMjU0NzE1MzY5NzMzFQIAERgSOTE1OTlCQ0IyOTQ1OTRGQUYwAA==","phone":"+254715369733","templateName":"intro_marketing_agency"}}
{"level":"http","message":"POST /webhook"}
{"level":"info","message":"Webhook status update","meta":[{"id":"wamid.HBgMMjU0NzE1MzY5NzMzFQIAERgSOTE1OTlCQ0IyOTQ1OTRGQUYwAA==","pricing":{"billable":true,"category":"marketing","pricing_model":"PMP","type":"regular"},"recipient_id":"254715369733","status":"sent","timestamp":"1769813175"}]}
{"level":"http","message":"POST /webhook"}
{"level":"info","message":"Webhook status update","meta":[{"id":"wamid.HBgMMjU0NzE1MzY5NzMzFQIAERgSOTE1OTlCQ0IyOTQ1OTRGQUYwAA==","pricing":{"billable":true,"category":"marketing","pricing_model":"PMP","type":"regular"},"recipient_id":"254715369733","status":"delivered","timestamp":"1769813176"}]}
{"level":"http","message":"POST /webhook"}
{"level":"info","message":"Webhook status update","meta":[{"id":"wamid.HBgMMjU0NzE1MzY5NzMzFQIAERgSOTE1OTlCQ0IyOTQ1OTRGQUYwAA==","pricing":{"billable":true,"category":"marketing","pricing_model":"PMP","type":"regular"},"recipient_id":"254715369733","status":"read","timestamp":"1769813186"}]}
{"level":"http","message":"POST /webhook"}
{"level":"http","message":"Incoming WhatsApp message","meta":{"cleanedFrom":"254715369733","from":"254715369733","text":"yes"}}
{"level":"error","message":"\nInvalid `prisma.message.create()` invocation:\n\n{\n  data: {\n    contactId: \"d9c36c7f-8659-4a9b-a4ce-e000c9dad349\",\n    direction: \"INBOUND\",\n    message: \"yes\",\n+   organization: {\n+     create: OrganizationCreateWithoutMessagesInput | OrganizationUncheckedCreateWithoutMessagesInput,\n+     connectOrCreate: OrganizationCreateOrConnectWithoutMessagesInput,\n+     connect: OrganizationWhereUniqueInput\n+   }\n  }\n}\n\nArgument `organization` is missing.","meta":{"method":"POST","path":"/webhook","stack":"PrismaClientValidationError: \nInvalid `prisma.message.create()` invocation:\n\n{\n  data: {\n    contactId: \"d9c36c7f-8659-4a9b-a4ce-e000c9dad349\",\n    direction: \"INBOUND\",\n    message: \"yes\",\n+   organization: {\n+     create: OrganizationCreateWithoutMessagesInput | OrganizationUncheckedCreateWithoutMessagesInput,\n+     connectOrCreate: OrganizationCreateOrConnectWithoutMessagesInput,\n+     connect: OrganizationWhereUniqueInput\n+   }\n  }\n}\n\nArgument `organization` is missing.\n    at rr (/home/jj/repo/whatsapp-outreach/node_modules/@prisma/client/runtime/client.js:10:1379)\n    at Vr.handleRequestError (/home/jj/repo/whatsapp-outreach/node_modules/@prisma/client/runtime/client.js:65:7815)\n    at Vr.handleAndLogRequestError (/home/jj/repo/whatsapp-outreach/node_modules/@prisma/client/runtime/client.js:65:7467)\n    at Vr.request (/home/jj/repo/whatsapp-outreach/node_modules/@prisma/client/runtime/client.js:65:7174)\n    at process.processTicksAndRejections (node:internal/process/task_queues:105:5)\n    at async a (/home/jj/repo/whatsapp-outreach/node_modules/@prisma/client/runtime/client.js:75:5816)\n    at async file:///home/jj/repo/whatsapp-outreach/src/controllers/webhookController.js:116:7","statusCode":500}}
{"level":"http","message":"POST /webhook"}
{"level":"http","message":"Incoming WhatsApp message","meta":{"cleanedFrom":"254715369733","from":"254715369733","text":"yes"}}
{"level":"error","message":"\nInvalid `prisma.message.create()` invocation:\n\n{\n  data: {\n    contactId: \"d9c36c7f-8659-4a9b-a4ce-e000c9dad349\",\n    direction: \"INBOUND\",\n    message: \"yes\",\n+   organization: {\n+     create: OrganizationCreateWithoutMessagesInput | OrganizationUncheckedCreateWithoutMessagesInput,\n+     connectOrCreate: OrganizationCreateOrConnectWithoutMessagesInput,\n+     connect: OrganizationWhereUniqueInput\n+   }\n  }\n}\n\nArgument `organization` is missing.","meta":{"method":"POST","path":"/webhook","stack":"PrismaClientValidationError: \nInvalid `prisma.message.create()` invocation:\n\n{\n  data: {\n    contactId: \"d9c36c7f-8659-4a9b-a4ce-e000c9dad349\",\n    direction: \"INBOUND\",\n    message: \"yes\",\n+   organization: {\n+     create: OrganizationCreateWithoutMessagesInput | OrganizationUncheckedCreateWithoutMessagesInput,\n+     connectOrCreate: OrganizationCreateOrConnectWithoutMessagesInput,\n+     connect: OrganizationWhereUniqueInput\n+   }\n  }\n}\n\nArgument `organization` is missing.\n    at rr (/home/jj/repo/whatsapp-outreach/node_modules/@prisma/client/runtime/client.js:10:1379)\n    at Vr.handleRequestError (/home/jj/repo/whatsapp-outreach/node_modules/@prisma/client/runtime/client.js:65:7815)\n    at Vr.handleAndLogRequestError (/home/jj/repo/whatsapp-outreach/node_modules/@prisma/client/runtime/client.js:65:7467)\n    at Vr.request (/home/jj/repo/whatsapp-outreach/node_modules/@prisma/client/runtime/client.js:65:7174)\n    at process.processTicksAndRejections (node:internal/process/task_queues:105:5)\n    at async a (/home/jj/repo/whatsapp-outreach/node_modules/@prisma/client/runtime/client.js:75:5816)\n    at async file:///home/jj/repo/whatsapp-outreach/src/controllers/webhookController.js:116:7","statusCode":500}}
{"level":"http","message":"POST /webhook"}
{"level":"http","message":"Incoming WhatsApp message","meta":{"cleanedFrom":"254715369733","from":"254715369733","text":"yes"}}
{"level":"error","message":"\nInvalid `prisma.message.create()` invocation:\n\n{\n  data: {\n    contactId: \"d9c36c7f-8659-4a9b-a4ce-e000c9dad349\",\n    direction: \"INBOUND\",\n    message: \"yes\",\n+   organization: {\n+     create: OrganizationCreateWithoutMessagesInput | OrganizationUncheckedCreateWithoutMessagesInput,\n+     connectOrCreate: OrganizationCreateOrConnectWithoutMessagesInput,\n+     connect: OrganizationWhereUniqueInput\n+   }\n  }\n}\n\nArgument `organization` is missing.","meta":{"method":"POST","path":"/webhook","stack":"PrismaClientValidationError: \nInvalid `prisma.message.create()` invocation:\n\n{\n  data: {\n    contactId: \"d9c36c7f-8659-4a9b-a4ce-e000c9dad349\",\n    direction: \"INBOUND\",\n    message: \"yes\",\n+   organization: {\n+     create: OrganizationCreateWithoutMessagesInput | OrganizationUncheckedCreateWithoutMessagesInput,\n+     connectOrCreate: OrganizationCreateOrConnectWithoutMessagesInput,\n+     connect: OrganizationWhereUniqueInput\n+   }\n  }\n}\n\nArgument `organization` is missing.\n    at rr (/home/jj/repo/whatsapp-outreach/node_modules/@prisma/client/runtime/client.js:10:1379)\n    at Vr.handleRequestError (/home/jj/repo/whatsapp-outreach/node_modules/@prisma/client/runtime/client.js:65:7815)\n    at Vr.handleAndLogRequestError (/home/jj/repo/whatsapp-outreach/node_modules/@prisma/client/runtime/client.js:65:7467)\n    at Vr.request (/home/jj/repo/whatsapp-outreach/node_modules/@prisma/client/runtime/client.js:65:7174)\n    at process.processTicksAndRejections (node:internal/process/task_queues:105:5)\n    at async a (/home/jj/repo/whatsapp-outreach/node_modules/@prisma/client/runtime/client.js:75:5816)\n    at async file:///home/jj/repo/whatsapp-outreach/src/controllers/webhookController.js:116:7","statusCode":500}}
{"level":"http","message":"POST /webhook"}
{"level":"http","message":"Incoming WhatsApp message","meta":{"cleanedFrom":"254715369733","from":"254715369733","text":"yes"}}
{"level":"error","message":"\nInvalid `prisma.message.create()` invocation:\n\n{\n  data: {\n    contactId: \"d9c36c7f-8659-4a9b-a4ce-e000c9dad349\",\n    direction: \"INBOUND\",\n    message: \"yes\",\n+   organization: {\n+     create: OrganizationCreateWithoutMessagesInput | OrganizationUncheckedCreateWithoutMessagesInput,\n+     connectOrCreate: OrganizationCreateOrConnectWithoutMessagesInput,\n+     connect: OrganizationWhereUniqueInput\n+   }\n  }\n}\n\nArgument `organization` is missing.","meta":{"method":"POST","path":"/webhook","stack":"PrismaClientValidationError: \nInvalid `prisma.message.create()` invocation:\n\n{\n  data: {\n    contactId: \"d9c36c7f-8659-4a9b-a4ce-e000c9dad349\",\n    direction: \"INBOUND\",\n    message: \"yes\",\n+   organization: {\n+     create: OrganizationCreateWithoutMessagesInput | OrganizationUncheckedCreateWithoutMessagesInput,\n+     connectOrCreate: OrganizationCreateOrConnectWithoutMessagesInput,\n+     connect: OrganizationWhereUniqueInput\n+   }\n  }\n}\n\nArgument `organization` is missing.\n    at rr (/home/jj/repo/whatsapp-outreach/node_modules/@prisma/client/runtime/client.js:10:1379)\n    at Vr.handleRequestError (/home/jj/repo/whatsapp-outreach/node_modules/@prisma/client/runtime/client.js:65:7815)\n    at Vr.handleAndLogRequestError (/home/jj/repo/whatsapp-outreach/node_modules/@prisma/client/runtime/client.js:65:7467)\n    at Vr.request (/home/jj/repo/whatsapp-outreach/node_modules/@prisma/client/runtime/client.js:65:7174)\n    at process.processTicksAndRejections (node:internal/process/task_queues:105:5)\n    at async a (/home/jj/repo/whatsapp-outreach/node_modules/@prisma/client/runtime/client.js:75:5816)\n    at async file:///home/jj/repo/whatsapp-outreach/src/controllers/webhookController.js:116:7","statusCode":500}}
{"level":"http","message":"POST /webhook"}
{"level":"http","message":"Incoming WhatsApp message","meta":{"cleanedFrom":"254715369733","from":"254715369733","text":"yes"}}
{"level":"error","message":"\nInvalid `prisma.message.create()` invocation:\n\n{\n  data: {\n    contactId: \"d9c36c7f-8659-4a9b-a4ce-e000c9dad349\",\n    direction: \"INBOUND\",\n    message: \"yes\",\n+   organization: {\n+     create: OrganizationCreateWithoutMessagesInput | OrganizationUncheckedCreateWithoutMessagesInput,\n+     connectOrCreate: OrganizationCreateOrConnectWithoutMessagesInput,\n+     connect: OrganizationWhereUniqueInput\n+   }\n  }\n}\n\nArgument `organization` is missing.","meta":{"method":"POST","path":"/webhook","stack":"PrismaClientValidationError: \nInvalid `prisma.message.create()` invocation:\n\n{\n  data: {\n    contactId: \"d9c36c7f-8659-4a9b-a4ce-e000c9dad349\",\n    direction: \"INBOUND\",\n    message: \"yes\",\n+   organization: {\n+     create: OrganizationCreateWithoutMessagesInput | OrganizationUncheckedCreateWithoutMessagesInput,\n+     connectOrCreate: OrganizationCreateOrConnectWithoutMessagesInput,\n+     connect: OrganizationWhereUniqueInput\n+   }\n  }\n}\n\nArgument `organization` is missing.\n    at rr (/home/jj/repo/whatsapp-outreach/node_modules/@prisma/client/runtime/client.js:10:1379)\n    at Vr.handleRequestError (/home/jj/repo/whatsapp-outreach/node_modules/@prisma/client/runtime/client.js:65:7815)\n    at Vr.handleAndLogRequestError (/home/jj/repo/whatsapp-outreach/node_modules/@prisma/client/runtime/client.js:65:7467)\n    at Vr.request (/home/jj/repo/whatsapp-outreach/node_modules/@prisma/client/runtime/client.js:65:7174)\n    at process.processTicksAndRejections (node:internal/process/task_queues:105:5)\n    at async a (/home/jj/repo/whatsapp-outreach/node_modules/@prisma/client/runtime/client.js:75:5816)\n    at async file:///home/jj/repo/whatsapp-outreach/src/controllers/webhookController.js:116:7","statusCode":500}}
{"level":"http","message":"POST /organization/contacts"}
{"level":"http","message":"POST /campaign/send"}
{"level":"info","message":"WhatsApp template sent successfully","meta":{"messageId":"wamid.HBgMMjU0NzE1MzY5NzMzFQIAERgSRDMyM0MyMDY0RkY4RTE0ODJDAA==","phone":"+254715369733","templateName":"intro_marketing_agency"}}
{"level":"http","message":"POST /webhook"}
{"level":"http","message":"Incoming WhatsApp message","meta":{"cleanedFrom":"254715369733","from":"254715369733","text":"yes"}}
{"level":"error","message":"\nInvalid `prisma.message.create()` invocation:\n\n{\n  data: {\n    contactId: \"38d30201-51d2-420a-8839-9acf78eb8f13\",\n    direction: \"INBOUND\",\n    message: \"yes\",\n+   organization: {\n+     create: OrganizationCreateWithoutMessagesInput | OrganizationUncheckedCreateWithoutMessagesInput,\n+     connectOrCreate: OrganizationCreateOrConnectWithoutMessagesInput,\n+     connect: OrganizationWhereUniqueInput\n+   }\n  }\n}\n\nArgument `organization` is missing.","meta":{"method":"POST","path":"/webhook","stack":"PrismaClientValidationError: \nInvalid `prisma.message.create()` invocation:\n\n{\n  data: {\n    contactId: \"38d30201-51d2-420a-8839-9acf78eb8f13\",\n    direction: \"INBOUND\",\n    message: \"yes\",\n+   organization: {\n+     create: OrganizationCreateWithoutMessagesInput | OrganizationUncheckedCreateWithoutMessagesInput,\n+     connectOrCreate: OrganizationCreateOrConnectWithoutMessagesInput,\n+     connect: OrganizationWhereUniqueInput\n+   }\n  }\n}\n\nArgument `organization` is missing.\n    at rr (/home/jj/repo/whatsapp-outreach/node_modules/@prisma/client/runtime/client.js:10:1379)\n    at Vr.handleRequestError (/home/jj/repo/whatsapp-outreach/node_modules/@prisma/client/runtime/client.js:65:7815)\n    at Vr.handleAndLogRequestError (/home/jj/repo/whatsapp-outreach/node_modules/@prisma/client/runtime/client.js:65:7467)\n    at Vr.request (/home/jj/repo/whatsapp-outreach/node_modules/@prisma/client/runtime/client.js:65:7174)\n    at process.processTicksAndRejections (node:internal/process/task_queues:105:5)\n    at async a (/home/jj/repo/whatsapp-outreach/node_modules/@prisma/client/runtime/client.js:75:5816)\n    at async file:///home/jj/repo/whatsapp-outreach/src/controllers/webhookController.js:123:7","statusCode":500}}
{"level":"http","message":"POST /webhook"}
{"level":"info","message":"Webhook status update","meta":[{"id":"wamid.HBgMMjU0NzE1MzY5NzMzFQIAERgSRDMyM0MyMDY0RkY4RTE0ODJDAA==","pricing":{"billable":true,"category":"marketing","pricing_model":"PMP","type":"regular"},"recipient_id":"254715369733","status":"sent","timestamp":"1769813290"}]}
{"level":"http","message":"POST /webhook"}
{"level":"info","message":"Webhook status update","meta":[{"id":"wamid.HBgMMjU0NzE1MzY5NzMzFQIAERgSRDMyM0MyMDY0RkY4RTE0ODJDAA==","pricing":{"billable":true,"category":"marketing","pricing_model":"PMP","type":"regular"},"recipient_id":"254715369733","status":"delivered","timestamp":"1769813290"}]}
{"level":"http","message":"POST /webhook"}
{"level":"info","message":"Webhook status update","meta":[{"id":"wamid.HBgMMjU0NzE1MzY5NzMzFQIAERgSRDMyM0MyMDY0RkY4RTE0ODJDAA==","pricing":{"billable":true,"category":"marketing","pricing_model":"PMP","type":"regular"},"recipient_id":"254715369733","status":"read","timestamp":"1769813312"}]}
{"level":"http","message":"POST /organization/contacts"}
{"level":"http","message":"POST /campaign/send"}
{"level":"error","message":"Error sending WhatsApp template","meta":{"error":{"error":{"code":190,"error_subcode":463,"fbtrace_id":"AEdLyARYSyhtSTknW1mb4rF","message":"Error validating access token: Session has expired on Friday, 30-Jan-26 15:00:00 PST. The current time is Saturday, 31-Jan-26 04:54:09 PST.","type":"OAuthException"}},"phone":"+254715369733","templateName":"intro_marketing_agency"}}
{"contactId":"3c493143-0655-4574-b7e0-31994dc2b32a","error":"Request failed with status code 401","level":"error","message":"Campaign send failed","phone":"254715369733","stack":"AxiosError: Request failed with status code 401\n    at settle (file:///home/jj/repo/whatsapp-outreach/node_modules/axios/lib/core/settle.js:19:12)\n    at BrotliDecompress.handleStreamEnd (file:///home/jj/repo/whatsapp-outreach/node_modules/axios/lib/adapters/http.js:798:11)\n    at BrotliDecompress.emit (node:events:518:28)\n    at endReadableNT (node:internal/streams/readable:1698:12)\n    at process.processTicksAndRejections (node:internal/process/task_queues:90:21)\n    at Axios.request (file:///home/jj/repo/whatsapp-outreach/node_modules/axios/lib/core/Axios.js:45:41)\n    at process.processTicksAndRejections (node:internal/process/task_queues:105:5)\n    at async sendTemplate (file:///home/jj/repo/whatsapp-outreach/src/services/whatsappService.js:54:22)\n    at async file:///home/jj/repo/whatsapp-outreach/src/controllers/campaignController.js:82:7"}
{"level":"http","message":"POST /campaign/send"}
{"level":"info","message":"WhatsApp template sent successfully","meta":{"messageId":"wamid.HBgMMjU0NzE1MzY5NzMzFQIAERgSMzgyQUQxQkVGNDczOTk0Q0Y3AA==","phone":"+254715369733","templateName":"intro_marketing_agency"}}
{"level":"http","message":"POST /webhook"}
{"level":"info","message":"Webhook status update","meta":[{"id":"wamid.HBgMMjU0NzE1MzY5NzMzFQIAERgSMzgyQUQxQkVGNDczOTk0Q0Y3AA==","pricing":{"billable":true,"category":"marketing","pricing_model":"PMP","type":"regular"},"recipient_id":"254715369733","status":"sent","timestamp":"1769864149"}]}
{"level":"http","message":"POST /webhook"}
{"level":"info","message":"Webhook status update","meta":[{"id":"wamid.HBgMMjU0NzE1MzY5NzMzFQIAERgSMzgyQUQxQkVGNDczOTk0Q0Y3AA==","pricing":{"billable":true,"category":"marketing","pricing_model":"PMP","type":"regular"},"recipient_id":"254715369733","status":"delivered","timestamp":"1769864150"}]}
{"level":"http","message":"POST /webhook"}
{"level":"info","message":"Webhook status update","meta":[{"id":"wamid.HBgMMjU0NzE1MzY5NzMzFQIAERgSMzgyQUQxQkVGNDczOTk0Q0Y3AA==","pricing":{"billable":true,"category":"marketing","pricing_model":"PMP","type":"regular"},"recipient_id":"254715369733","status":"read","timestamp":"1769864161"}]}
{"level":"http","message":"POST /webhook"}
{"level":"http","message":"Incoming WhatsApp message","meta":{"cleanedFrom":"254715369733","from":"254715369733","text":"yes"}}
{"level":"error","message":"\nInvalid `prisma.message.create()` invocation:\n\n{\n  data: {\n    contactId: \"3c493143-0655-4574-b7e0-31994dc2b32a\",\n    direction: \"INBOUND\",\n    message: \"yes\",\n+   organization: {\n+     create: OrganizationCreateWithoutMessagesInput | OrganizationUncheckedCreateWithoutMessagesInput,\n+     connectOrCreate: OrganizationCreateOrConnectWithoutMessagesInput,\n+     connect: OrganizationWhereUniqueInput\n+   }\n  }\n}\n\nArgument `organization` is missing.","meta":{"method":"POST","path":"/webhook","stack":"PrismaClientValidationError: \nInvalid `prisma.message.create()` invocation:\n\n{\n  data: {\n    contactId: \"3c493143-0655-4574-b7e0-31994dc2b32a\",\n    direction: \"INBOUND\",\n    message: \"yes\",\n+   organization: {\n+     create: OrganizationCreateWithoutMessagesInput | OrganizationUncheckedCreateWithoutMessagesInput,\n+     connectOrCreate: OrganizationCreateOrConnectWithoutMessagesInput,\n+     connect: OrganizationWhereUniqueInput\n+   }\n  }\n}\n\nArgument `organization` is missing.\n    at rr (/home/jj/repo/whatsapp-outreach/node_modules/@prisma/client/runtime/client.js:10:1379)\n    at Vr.handleRequestError (/home/jj/repo/whatsapp-outreach/node_modules/@prisma/client/runtime/client.js:65:7815)\n    at Vr.handleAndLogRequestError (/home/jj/repo/whatsapp-outreach/node_modules/@prisma/client/runtime/client.js:65:7467)\n    at Vr.request (/home/jj/repo/whatsapp-outreach/node_modules/@prisma/client/runtime/client.js:65:7174)\n    at process.processTicksAndRejections (node:internal/process/task_queues:105:5)\n    at async a (/home/jj/repo/whatsapp-outreach/node_modules/@prisma/client/runtime/client.js:75:5816)\n    at async file:///home/jj/repo/whatsapp-outreach/src/controllers/webhookController.js:123:7","statusCode":500}}
{"level":"http","message":"POST /webhook"}
{"level":"http","message":"Incoming WhatsApp message","meta":{"cleanedFrom":"254715369733","from":"254715369733","text":"yes"}}
{"level":"error","message":"\nInvalid `prisma.message.create()` invocation:\n\n{\n  data: {\n    contactId: \"3c493143-0655-4574-b7e0-31994dc2b32a\",\n    direction: \"INBOUND\",\n    message: \"yes\",\n+   organization: {\n+     create: OrganizationCreateWithoutMessagesInput | OrganizationUncheckedCreateWithoutMessagesInput,\n+     connectOrCreate: OrganizationCreateOrConnectWithoutMessagesInput,\n+     connect: OrganizationWhereUniqueInput\n+   }\n  }\n}\n\nArgument `organization` is missing.","meta":{"method":"POST","path":"/webhook","stack":"PrismaClientValidationError: \nInvalid `prisma.message.create()` invocation:\n\n{\n  data: {\n    contactId: \"3c493143-0655-4574-b7e0-31994dc2b32a\",\n    direction: \"INBOUND\",\n    message: \"yes\",\n+   organization: {\n+     create: OrganizationCreateWithoutMessagesInput | OrganizationUncheckedCreateWithoutMessagesInput,\n+     connectOrCreate: OrganizationCreateOrConnectWithoutMessagesInput,\n+     connect: OrganizationWhereUniqueInput\n+   }\n  }\n}\n\nArgument `organization` is missing.\n    at rr (/home/jj/repo/whatsapp-outreach/node_modules/@prisma/client/runtime/client.js:10:1379)\n    at Vr.handleRequestError (/home/jj/repo/whatsapp-outreach/node_modules/@prisma/client/runtime/client.js:65:7815)\n    at Vr.handleAndLogRequestError (/home/jj/repo/whatsapp-outreach/node_modules/@prisma/client/runtime/client.js:65:7467)\n    at Vr.request (/home/jj/repo/whatsapp-outreach/node_modules/@prisma/client/runtime/client.js:65:7174)\n    at process.processTicksAndRejections (node:internal/process/task_queues:105:5)\n    at async a (/home/jj/repo/whatsapp-outreach/node_modules/@prisma/client/runtime/client.js:75:5816)\n    at async file:///home/jj/repo/whatsapp-outreach/src/controllers/webhookController.js:123:7","statusCode":500}}
{"level":"http","message":"POST /webhook"}
{"level":"http","message":"Incoming WhatsApp message","meta":{"cleanedFrom":"254715369733","from":"254715369733","text":"yes"}}
{"level":"error","message":"\nInvalid `prisma.message.create()` invocation:\n\n{\n  data: {\n    contactId: \"3c493143-0655-4574-b7e0-31994dc2b32a\",\n    direction: \"INBOUND\",\n    message: \"yes\",\n+   organization: {\n+     create: OrganizationCreateWithoutMessagesInput | OrganizationUncheckedCreateWithoutMessagesInput,\n+     connectOrCreate: OrganizationCreateOrConnectWithoutMessagesInput,\n+     connect: OrganizationWhereUniqueInput\n+   }\n  }\n}\n\nArgument `organization` is missing.","meta":{"method":"POST","path":"/webhook","stack":"PrismaClientValidationError: \nInvalid `prisma.message.create()` invocation:\n\n{\n  data: {\n    contactId: \"3c493143-0655-4574-b7e0-31994dc2b32a\",\n    direction: \"INBOUND\",\n    message: \"yes\",\n+   organization: {\n+     create: OrganizationCreateWithoutMessagesInput | OrganizationUncheckedCreateWithoutMessagesInput,\n+     connectOrCreate: OrganizationCreateOrConnectWithoutMessagesInput,\n+     connect: OrganizationWhereUniqueInput\n+   }\n  }\n}\n\nArgument `organization` is missing.\n    at rr (/home/jj/repo/whatsapp-outreach/node_modules/@prisma/client/runtime/client.js:10:1379)\n    at Vr.handleRequestError (/home/jj/repo/whatsapp-outreach/node_modules/@prisma/client/runtime/client.js:65:7815)\n    at Vr.handleAndLogRequestError (/home/jj/repo/whatsapp-outreach/node_modules/@prisma/client/runtime/client.js:65:7467)\n    at Vr.request (/home/jj/repo/whatsapp-outreach/node_modules/@prisma/client/runtime/client.js:65:7174)\n    at process.processTicksAndRejections (node:internal/process/task_queues:105:5)\n    at async a (/home/jj/repo/whatsapp-outreach/node_modules/@prisma/client/runtime/client.js:75:5816)\n    at async file:///home/jj/repo/whatsapp-outreach/src/controllers/webhookController.js:123:7","statusCode":500}}
{"level":"http","message":"POST /webhook"}
{"level":"http","message":"Incoming WhatsApp message","meta":{"cleanedFrom":"254715369733","from":"254715369733","text":"yes"}}
{"level":"error","message":"\nInvalid `prisma.message.create()` invocation:\n\n{\n  data: {\n    contactId: \"3c493143-0655-4574-b7e0-31994dc2b32a\",\n    direction: \"INBOUND\",\n    message: \"yes\",\n+   organization: {\n+     create: OrganizationCreateWithoutMessagesInput | OrganizationUncheckedCreateWithoutMessagesInput,\n+     connectOrCreate: OrganizationCreateOrConnectWithoutMessagesInput,\n+     connect: OrganizationWhereUniqueInput\n+   }\n  }\n}\n\nArgument `organization` is missing.","meta":{"method":"POST","path":"/webhook","stack":"PrismaClientValidationError: \nInvalid `prisma.message.create()` invocation:\n\n{\n  data: {\n    contactId: \"3c493143-0655-4574-b7e0-31994dc2b32a\",\n    direction: \"INBOUND\",\n    message: \"yes\",\n+   organization: {\n+     create: OrganizationCreateWithoutMessagesInput | OrganizationUncheckedCreateWithoutMessagesInput,\n+     connectOrCreate: OrganizationCreateOrConnectWithoutMessagesInput,\n+     connect: OrganizationWhereUniqueInput\n+   }\n  }\n}\n\nArgument `organization` is missing.\n    at rr (/home/jj/repo/whatsapp-outreach/node_modules/@prisma/client/runtime/client.js:10:1379)\n    at Vr.handleRequestError (/home/jj/repo/whatsapp-outreach/node_modules/@prisma/client/runtime/client.js:65:7815)\n    at Vr.handleAndLogRequestError (/home/jj/repo/whatsapp-outreach/node_modules/@prisma/client/runtime/client.js:65:7467)\n    at Vr.request (/home/jj/repo/whatsapp-outreach/node_modules/@prisma/client/runtime/client.js:65:7174)\n    at process.processTicksAndRejections (node:internal/process/task_queues:105:5)\n    at async a (/home/jj/repo/whatsapp-outreach/node_modules/@prisma/client/runtime/client.js:75:5816)\n    at async file:///home/jj/repo/whatsapp-outreach/src/controllers/webhookController.js:123:7","statusCode":500}}
{"level":"http","message":"POST /webhook"}
{"level":"http","message":"Incoming WhatsApp message","meta":{"cleanedFrom":"254715369733","from":"254715369733","text":"yes"}}
{"level":"error","message":"\nInvalid `prisma.message.create()` invocation:\n\n{\n  data: {\n    contactId: \"3c493143-0655-4574-b7e0-31994dc2b32a\",\n    direction: \"INBOUND\",\n    message: \"yes\",\n+   organization: {\n+     create: OrganizationCreateWithoutMessagesInput | OrganizationUncheckedCreateWithoutMessagesInput,\n+     connectOrCreate: OrganizationCreateOrConnectWithoutMessagesInput,\n+     connect: OrganizationWhereUniqueInput\n+   }\n  }\n}\n\nArgument `organization` is missing.","meta":{"method":"POST","path":"/webhook","stack":"PrismaClientValidationError: \nInvalid `prisma.message.create()` invocation:\n\n{\n  data: {\n    contactId: \"3c493143-0655-4574-b7e0-31994dc2b32a\",\n    direction: \"INBOUND\",\n    message: \"yes\",\n+   organization: {\n+     create: OrganizationCreateWithoutMessagesInput | OrganizationUncheckedCreateWithoutMessagesInput,\n+     connectOrCreate: OrganizationCreateOrConnectWithoutMessagesInput,\n+     connect: OrganizationWhereUniqueInput\n+   }\n  }\n}\n\nArgument `organization` is missing.\n    at rr (/home/jj/repo/whatsapp-outreach/node_modules/@prisma/client/runtime/client.js:10:1379)\n    at Vr.handleRequestError (/home/jj/repo/whatsapp-outreach/node_modules/@prisma/client/runtime/client.js:65:7815)\n    at Vr.handleAndLogRequestError (/home/jj/repo/whatsapp-outreach/node_modules/@prisma/client/runtime/client.js:65:7467)\n    at Vr.request (/home/jj/repo/whatsapp-outreach/node_modules/@prisma/client/runtime/client.js:65:7174)\n    at process.processTicksAndRejections (node:internal/process/task_queues:105:5)\n    at async a (/home/jj/repo/whatsapp-outreach/node_modules/@prisma/client/runtime/client.js:75:5816)\n    at async file:///home/jj/repo/whatsapp-outreach/src/controllers/webhookController.js:123:7","statusCode":500}}
{"level":"http","message":"POST /webhook"}
{"level":"error","message":"\nInvalid `prisma.whatsAppNumber.findUnique()` invocation:\n\n{\n  where: {\n    phoneNumberId: \"947769408424260\",\n?   id?: String,\n?   phoneNumber?: String,\n?   AND?: WhatsAppNumberWhereInput | WhatsAppNumberWhereInput[],\n?   OR?: WhatsAppNumberWhereInput[],\n?   NOT?: WhatsAppNumberWhereInput | WhatsAppNumberWhereInput[],\n?   organizationId?: StringFilter | String,\n?   accessToken?: StringFilter | String,\n?   displayName?: StringNullableFilter | String | Null,\n?   accessTokenExpiresAt?: DateTimeNullableFilter | DateTime | Null,\n?   active?: BoolFilter | Boolean,\n?   createdAt?: DateTimeFilter | DateTime,\n?   updatedAt?: DateTimeFilter | DateTime,\n?   organization?: OrganizationScalarRelationFilter | OrganizationWhereInput,\n?   messages?: MessageListRelationFilter\n  }\n}\n\nArgument `where` of type WhatsAppNumberWhereUniqueInput needs at least one of `id` or `phoneNumber` arguments. Available options are marked with ?.","meta":{"method":"POST","path":"/webhook","stack":"PrismaClientValidationError: \nInvalid `prisma.whatsAppNumber.findUnique()` invocation:\n\n{\n  where: {\n    phoneNumberId: \"947769408424260\",\n?   id?: String,\n?   phoneNumber?: String,\n?   AND?: WhatsAppNumberWhereInput | WhatsAppNumberWhereInput[],\n?   OR?: WhatsAppNumberWhereInput[],\n?   NOT?: WhatsAppNumberWhereInput | WhatsAppNumberWhereInput[],\n?   organizationId?: StringFilter | String,\n?   accessToken?: StringFilter | String,\n?   displayName?: StringNullableFilter | String | Null,\n?   accessTokenExpiresAt?: DateTimeNullableFilter | DateTime | Null,\n?   active?: BoolFilter | Boolean,\n?   createdAt?: DateTimeFilter | DateTime,\n?   updatedAt?: DateTimeFilter | DateTime,\n?   organization?: OrganizationScalarRelationFilter | OrganizationWhereInput,\n?   messages?: MessageListRelationFilter\n  }\n}\n\nArgument `where` of type WhatsAppNumberWhereUniqueInput needs at least one of `id` or `phoneNumber` arguments. Available options are marked with ?.\n    at rr (/home/jj/repo/whatsapp-outreach/node_modules/@prisma/client/runtime/client.js:10:1379)\n    at Vr.handleRequestError (/home/jj/repo/whatsapp-outreach/node_modules/@prisma/client/runtime/client.js:65:7815)\n    at Vr.handleAndLogRequestError (/home/jj/repo/whatsapp-outreach/node_modules/@prisma/client/runtime/client.js:65:7467)\n    at Vr.request (/home/jj/repo/whatsapp-outreach/node_modules/@prisma/client/runtime/client.js:65:7174)\n    at process.processTicksAndRejections (node:internal/process/task_queues:105:5)\n    at async a (/home/jj/repo/whatsapp-outreach/node_modules/@prisma/client/runtime/client.js:75:5816)\n    at async file:///home/jj/repo/whatsapp-outreach/src/controllers/webhookController.js:73:26","statusCode":500}}
{"level":"http","message":"POST /organization/contacts"}
{"level":"http","message":"POST /organization/contacts"}
{"level":"http","message":"POST /campaign/send"}
{"level":"info","message":"WhatsApp template sent successfully","meta":{"messageId":"wamid.HBgMMjU0NzE1MzY5NzMzFQIAERgSRkY4QTk3MjVGMTFENzc3RUEzAA==","phone":"+254715369733","templateName":"intro_marketing_agency"}}
{"level":"http","message":"POST /webhook"}
{"level":"info","message":"Webhook status update","meta":[{"id":"wamid.HBgMMjU0NzE1MzY5NzMzFQIAERgSRkY4QTk3MjVGMTFENzc3RUEzAA==","pricing":{"billable":true,"category":"marketing","pricing_model":"PMP","type":"regular"},"recipient_id":"254715369733","status":"sent","timestamp":"1769864658"}]}
{"level":"http","message":"POST /webhook"}
{"level":"info","message":"Webhook status update","meta":[{"id":"wamid.HBgMMjU0NzE1MzY5NzMzFQIAERgSRkY4QTk3MjVGMTFENzc3RUEzAA==","pricing":{"billable":true,"category":"marketing","pricing_model":"PMP","type":"regular"},"recipient_id":"254715369733","status":"delivered","timestamp":"1769864659"}]}
{"level":"http","message":"POST /webhook"}
{"level":"info","message":"Webhook status update","meta":[{"id":"wamid.HBgMMjU0NzE1MzY5NzMzFQIAERgSRkY4QTk3MjVGMTFENzc3RUEzAA==","pricing":{"billable":true,"category":"marketing","pricing_model":"PMP","type":"regular"},"recipient_id":"254715369733","status":"read","timestamp":"1769864667"}]}
{"level":"http","message":"POST /webhook"}
{"level":"error","message":"\nInvalid `prisma.whatsAppNumber.findUnique()` invocation:\n\n{\n  where: {\n    phoneNumberId: \"947769408424260\",\n?   id?: String,\n?   phoneNumber?: String,\n?   AND?: WhatsAppNumberWhereInput | WhatsAppNumberWhereInput[],\n?   OR?: WhatsAppNumberWhereInput[],\n?   NOT?: WhatsAppNumberWhereInput | WhatsAppNumberWhereInput[],\n?   organizationId?: StringFilter | String,\n?   accessToken?: StringFilter | String,\n?   displayName?: StringNullableFilter | String | Null,\n?   accessTokenExpiresAt?: DateTimeNullableFilter | DateTime | Null,\n?   active?: BoolFilter | Boolean,\n?   createdAt?: DateTimeFilter | DateTime,\n?   updatedAt?: DateTimeFilter | DateTime,\n?   organization?: OrganizationScalarRelationFilter | OrganizationWhereInput,\n?   messages?: MessageListRelationFilter\n  }\n}\n\nArgument `where` of type WhatsAppNumberWhereUniqueInput needs at least one of `id` or `phoneNumber` arguments. Available options are marked with ?.","meta":{"method":"POST","path":"/webhook","stack":"PrismaClientValidationError: \nInvalid `prisma.whatsAppNumber.findUnique()` invocation:\n\n{\n  where: {\n    phoneNumberId: \"947769408424260\",\n?   id?: String,\n?   phoneNumber?: String,\n?   AND?: WhatsAppNumberWhereInput | WhatsAppNumberWhereInput[],\n?   OR?: WhatsAppNumberWhereInput[],\n?   NOT?: WhatsAppNumberWhereInput | WhatsAppNumberWhereInput[],\n?   organizationId?: StringFilter | String,\n?   accessToken?: StringFilter | String,\n?   displayName?: StringNullableFilter | String | Null,\n?   accessTokenExpiresAt?: DateTimeNullableFilter | DateTime | Null,\n?   active?: BoolFilter | Boolean,\n?   createdAt?: DateTimeFilter | DateTime,\n?   updatedAt?: DateTimeFilter | DateTime,\n?   organization?: OrganizationScalarRelationFilter | OrganizationWhereInput,\n?   messages?: MessageListRelationFilter\n  }\n}\n\nArgument `where` of type WhatsAppNumberWhereUniqueInput needs at least one of `id` or `phoneNumber` arguments. Available options are marked with ?.\n    at rr (/home/jj/repo/whatsapp-outreach/node_modules/@prisma/client/runtime/client.js:10:1379)\n    at Vr.handleRequestError (/home/jj/repo/whatsapp-outreach/node_modules/@prisma/client/runtime/client.js:65:7815)\n    at Vr.handleAndLogRequestError (/home/jj/repo/whatsapp-outreach/node_modules/@prisma/client/runtime/client.js:65:7467)\n    at Vr.request (/home/jj/repo/whatsapp-outreach/node_modules/@prisma/client/runtime/client.js:65:7174)\n    at process.processTicksAndRejections (node:internal/process/task_queues:105:5)\n    at async a (/home/jj/repo/whatsapp-outreach/node_modules/@prisma/client/runtime/client.js:75:5816)\n    at async file:///home/jj/repo/whatsapp-outreach/src/controllers/webhookController.js:73:26","statusCode":500}}
{"level":"http","message":"POST /webhook"}
{"level":"error","message":"\nInvalid `prisma.whatsAppNumber.findUnique()` invocation:\n\n{\n  where: {\n    phoneNumberId: \"947769408424260\",\n?   id?: String,\n?   phoneNumber?: String,\n?   AND?: WhatsAppNumberWhereInput | WhatsAppNumberWhereInput[],\n?   OR?: WhatsAppNumberWhereInput[],\n?   NOT?: WhatsAppNumberWhereInput | WhatsAppNumberWhereInput[],\n?   organizationId?: StringFilter | String,\n?   accessToken?: StringFilter | String,\n?   displayName?: StringNullableFilter | String | Null,\n?   accessTokenExpiresAt?: DateTimeNullableFilter | DateTime | Null,\n?   active?: BoolFilter | Boolean,\n?   createdAt?: DateTimeFilter | DateTime,\n?   updatedAt?: DateTimeFilter | DateTime,\n?   organization?: OrganizationScalarRelationFilter | OrganizationWhereInput,\n?   messages?: MessageListRelationFilter\n  }\n}\n\nArgument `where` of type WhatsAppNumberWhereUniqueInput needs at least one of `id` or `phoneNumber` arguments. Available options are marked with ?.","meta":{"method":"POST","path":"/webhook","stack":"PrismaClientValidationError: \nInvalid `prisma.whatsAppNumber.findUnique()` invocation:\n\n{\n  where: {\n    phoneNumberId: \"947769408424260\",\n?   id?: String,\n?   phoneNumber?: String,\n?   AND?: WhatsAppNumberWhereInput | WhatsAppNumberWhereInput[],\n?   OR?: WhatsAppNumberWhereInput[],\n?   NOT?: WhatsAppNumberWhereInput | WhatsAppNumberWhereInput[],\n?   organizationId?: StringFilter | String,\n?   accessToken?: StringFilter | String,\n?   displayName?: StringNullableFilter | String | Null,\n?   accessTokenExpiresAt?: DateTimeNullableFilter | DateTime | Null,\n?   active?: BoolFilter | Boolean,\n?   createdAt?: DateTimeFilter | DateTime,\n?   updatedAt?: DateTimeFilter | DateTime,\n?   organization?: OrganizationScalarRelationFilter | OrganizationWhereInput,\n?   messages?: MessageListRelationFilter\n  }\n}\n\nArgument `where` of type WhatsAppNumberWhereUniqueInput needs at least one of `id` or `phoneNumber` arguments. Available options are marked with ?.\n    at rr (/home/jj/repo/whatsapp-outreach/node_modules/@prisma/client/runtime/client.js:10:1379)\n    at Vr.handleRequestError (/home/jj/repo/whatsapp-outreach/node_modules/@prisma/client/runtime/client.js:65:7815)\n    at Vr.handleAndLogRequestError (/home/jj/repo/whatsapp-outreach/node_modules/@prisma/client/runtime/client.js:65:7467)\n    at Vr.request (/home/jj/repo/whatsapp-outreach/node_modules/@prisma/client/runtime/client.js:65:7174)\n    at process.processTicksAndRejections (node:internal/process/task_queues:105:5)\n    at async a (/home/jj/repo/whatsapp-outreach/node_modules/@prisma/client/runtime/client.js:75:5816)\n    at async file:///home/jj/repo/whatsapp-outreach/src/controllers/webhookController.js:73:26","statusCode":500}}
{"level":"http","message":"POST /webhook"}
{"level":"error","message":"\nInvalid `prisma.whatsAppNumber.findUnique()` invocation:\n\n{\n  where: {\n    phoneNumberId: \"947769408424260\",\n?   id?: String,\n?   phoneNumber?: String,\n?   AND?: WhatsAppNumberWhereInput | WhatsAppNumberWhereInput[],\n?   OR?: WhatsAppNumberWhereInput[],\n?   NOT?: WhatsAppNumberWhereInput | WhatsAppNumberWhereInput[],\n?   organizationId?: StringFilter | String,\n?   accessToken?: StringFilter | String,\n?   displayName?: StringNullableFilter | String | Null,\n?   accessTokenExpiresAt?: DateTimeNullableFilter | DateTime | Null,\n?   active?: BoolFilter | Boolean,\n?   createdAt?: DateTimeFilter | DateTime,\n?   updatedAt?: DateTimeFilter | DateTime,\n?   organization?: OrganizationScalarRelationFilter | OrganizationWhereInput,\n?   messages?: MessageListRelationFilter\n  }\n}\n\nArgument `where` of type WhatsAppNumberWhereUniqueInput needs at least one of `id` or `phoneNumber` arguments. Available options are marked with ?.","meta":{"method":"POST","path":"/webhook","stack":"PrismaClientValidationError: \nInvalid `prisma.whatsAppNumber.findUnique()` invocation:\n\n{\n  where: {\n    phoneNumberId: \"947769408424260\",\n?   id?: String,\n?   phoneNumber?: String,\n?   AND?: WhatsAppNumberWhereInput | WhatsAppNumberWhereInput[],\n?   OR?: WhatsAppNumberWhereInput[],\n?   NOT?: WhatsAppNumberWhereInput | WhatsAppNumberWhereInput[],\n?   organizationId?: StringFilter | String,\n?   accessToken?: StringFilter | String,\n?   displayName?: StringNullableFilter | String | Null,\n?   accessTokenExpiresAt?: DateTimeNullableFilter | DateTime | Null,\n?   active?: BoolFilter | Boolean,\n?   createdAt?: DateTimeFilter | DateTime,\n?   updatedAt?: DateTimeFilter | DateTime,\n?   organization?: OrganizationScalarRelationFilter | OrganizationWhereInput,\n?   messages?: MessageListRelationFilter\n  }\n}\n\nArgument `where` of type WhatsAppNumberWhereUniqueInput needs at least one of `id` or `phoneNumber` arguments. Available options are marked with ?.\n    at rr (/home/jj/repo/whatsapp-outreach/node_modules/@prisma/client/runtime/client.js:10:1379)\n    at Vr.handleRequestError (/home/jj/repo/whatsapp-outreach/node_modules/@prisma/client/runtime/client.js:65:7815)\n    at Vr.handleAndLogRequestError (/home/jj/repo/whatsapp-outreach/node_modules/@prisma/client/runtime/client.js:65:7467)\n    at Vr.request (/home/jj/repo/whatsapp-outreach/node_modules/@prisma/client/runtime/client.js:65:7174)\n    at process.processTicksAndRejections (node:internal/process/task_queues:105:5)\n    at async a (/home/jj/repo/whatsapp-outreach/node_modules/@prisma/client/runtime/client.js:75:5816)\n    at async file:///home/jj/repo/whatsapp-outreach/src/controllers/webhookController.js:73:26","statusCode":500}}
{"level":"http","message":"POST /webhook"}
{"level":"error","message":"\nInvalid `prisma.whatsAppNumber.findUnique()` invocation:\n\n{\n  where: {\n    phoneNumberId: \"947769408424260\",\n?   id?: String,\n?   phoneNumber?: String,\n?   AND?: WhatsAppNumberWhereInput | WhatsAppNumberWhereInput[],\n?   OR?: WhatsAppNumberWhereInput[],\n?   NOT?: WhatsAppNumberWhereInput | WhatsAppNumberWhereInput[],\n?   organizationId?: StringFilter | String,\n?   accessToken?: StringFilter | String,\n?   displayName?: StringNullableFilter | String | Null,\n?   accessTokenExpiresAt?: DateTimeNullableFilter | DateTime | Null,\n?   active?: BoolFilter | Boolean,\n?   createdAt?: DateTimeFilter | DateTime,\n?   updatedAt?: DateTimeFilter | DateTime,\n?   organization?: OrganizationScalarRelationFilter | OrganizationWhereInput,\n?   messages?: MessageListRelationFilter\n  }\n}\n\nArgument `where` of type WhatsAppNumberWhereUniqueInput needs at least one of `id` or `phoneNumber` arguments. Available options are marked with ?.","meta":{"method":"POST","path":"/webhook","stack":"PrismaClientValidationError: \nInvalid `prisma.whatsAppNumber.findUnique()` invocation:\n\n{\n  where: {\n    phoneNumberId: \"947769408424260\",\n?   id?: String,\n?   phoneNumber?: String,\n?   AND?: WhatsAppNumberWhereInput | WhatsAppNumberWhereInput[],\n?   OR?: WhatsAppNumberWhereInput[],\n?   NOT?: WhatsAppNumberWhereInput | WhatsAppNumberWhereInput[],\n?   organizationId?: StringFilter | String,\n?   accessToken?: StringFilter | String,\n?   displayName?: StringNullableFilter | String | Null,\n?   accessTokenExpiresAt?: DateTimeNullableFilter | DateTime | Null,\n?   active?: BoolFilter | Boolean,\n?   createdAt?: DateTimeFilter | DateTime,\n?   updatedAt?: DateTimeFilter | DateTime,\n?   organization?: OrganizationScalarRelationFilter | OrganizationWhereInput,\n?   messages?: MessageListRelationFilter\n  }\n}\n\nArgument `where` of type WhatsAppNumberWhereUniqueInput needs at least one of `id` or `phoneNumber` arguments. Available options are marked with ?.\n    at rr (/home/jj/repo/whatsapp-outreach/node_modules/@prisma/client/runtime/client.js:10:1379)\n    at Vr.handleRequestError (/home/jj/repo/whatsapp-outreach/node_modules/@prisma/client/runtime/client.js:65:7815)\n    at Vr.handleAndLogRequestError (/home/jj/repo/whatsapp-outreach/node_modules/@prisma/client/runtime/client.js:65:7467)\n    at Vr.request (/home/jj/repo/whatsapp-outreach/node_modules/@prisma/client/runtime/client.js:65:7174)\n    at process.processTicksAndRejections (node:internal/process/task_queues:105:5)\n    at async a (/home/jj/repo/whatsapp-outreach/node_modules/@prisma/client/runtime/client.js:75:5816)\n    at async file:///home/jj/repo/whatsapp-outreach/src/controllers/webhookController.js:73:26","statusCode":500}}
{"level":"http","message":"POST /webhook"}
{"level":"error","message":"\nInvalid `prisma.whatsAppNumber.findUnique()` invocation:\n\n{\n  where: {\n    phoneNumberId: \"947769408424260\",\n?   id?: String,\n?   phoneNumber?: String,\n?   AND?: WhatsAppNumberWhereInput | WhatsAppNumberWhereInput[],\n?   OR?: WhatsAppNumberWhereInput[],\n?   NOT?: WhatsAppNumberWhereInput | WhatsAppNumberWhereInput[],\n?   organizationId?: StringFilter | String,\n?   accessToken?: StringFilter | String,\n?   displayName?: StringNullableFilter | String | Null,\n?   accessTokenExpiresAt?: DateTimeNullableFilter | DateTime | Null,\n?   active?: BoolFilter | Boolean,\n?   createdAt?: DateTimeFilter | DateTime,\n?   updatedAt?: DateTimeFilter | DateTime,\n?   organization?: OrganizationScalarRelationFilter | OrganizationWhereInput,\n?   messages?: MessageListRelationFilter\n  }\n}\n\nArgument `where` of type WhatsAppNumberWhereUniqueInput needs at least one of `id` or `phoneNumber` arguments. Available options are marked with ?.","meta":{"method":"POST","path":"/webhook","stack":"PrismaClientValidationError: \nInvalid `prisma.whatsAppNumber.findUnique()` invocation:\n\n{\n  where: {\n    phoneNumberId: \"947769408424260\",\n?   id?: String,\n?   phoneNumber?: String,\n?   AND?: WhatsAppNumberWhereInput | WhatsAppNumberWhereInput[],\n?   OR?: WhatsAppNumberWhereInput[],\n?   NOT?: WhatsAppNumberWhereInput | WhatsAppNumberWhereInput[],\n?   organizationId?: StringFilter | String,\n?   accessToken?: StringFilter | String,\n?   displayName?: StringNullableFilter | String | Null,\n?   accessTokenExpiresAt?: DateTimeNullableFilter | DateTime | Null,\n?   active?: BoolFilter | Boolean,\n?   createdAt?: DateTimeFilter | DateTime,\n?   updatedAt?: DateTimeFilter | DateTime,\n?   organization?: OrganizationScalarRelationFilter | OrganizationWhereInput,\n?   messages?: MessageListRelationFilter\n  }\n}\n\nArgument `where` of type WhatsAppNumberWhereUniqueInput needs at least one of `id` or `phoneNumber` arguments. Available options are marked with ?.\n    at rr (/home/jj/repo/whatsapp-outreach/node_modules/@prisma/client/runtime/client.js:10:1379)\n    at Vr.handleRequestError (/home/jj/repo/whatsapp-outreach/node_modules/@prisma/client/runtime/client.js:65:7815)\n    at Vr.handleAndLogRequestError (/home/jj/repo/whatsapp-outreach/node_modules/@prisma/client/runtime/client.js:65:7467)\n    at Vr.request (/home/jj/repo/whatsapp-outreach/node_modules/@prisma/client/runtime/client.js:65:7174)\n    at process.processTicksAndRejections (node:internal/process/task_queues:105:5)\n    at async a (/home/jj/repo/whatsapp-outreach/node_modules/@prisma/client/runtime/client.js:75:5816)\n    at async file:///home/jj/repo/whatsapp-outreach/src/controllers/webhookController.js:73:26","statusCode":500}}
{"level":"http","message":"POST /webhook"}
{"level":"error","message":"\nInvalid `prisma.whatsAppNumber.findUnique()` invocation:\n\n{\n  where: {\n    phoneNumberId: \"947769408424260\",\n?   id?: String,\n?   phoneNumber?: String,\n?   AND?: WhatsAppNumberWhereInput | WhatsAppNumberWhereInput[],\n?   OR?: WhatsAppNumberWhereInput[],\n?   NOT?: WhatsAppNumberWhereInput | WhatsAppNumberWhereInput[],\n?   organizationId?: StringFilter | String,\n?   accessToken?: StringFilter | String,\n?   displayName?: StringNullableFilter | String | Null,\n?   accessTokenExpiresAt?: DateTimeNullableFilter | DateTime | Null,\n?   active?: BoolFilter | Boolean,\n?   createdAt?: DateTimeFilter | DateTime,\n?   updatedAt?: DateTimeFilter | DateTime,\n?   organization?: OrganizationScalarRelationFilter | OrganizationWhereInput,\n?   messages?: MessageListRelationFilter\n  }\n}\n\nArgument `where` of type WhatsAppNumberWhereUniqueInput needs at least one of `id` or `phoneNumber` arguments. Available options are marked with ?.","meta":{"method":"POST","path":"/webhook","stack":"PrismaClientValidationError: \nInvalid `prisma.whatsAppNumber.findUnique()` invocation:\n\n{\n  where: {\n    phoneNumberId: \"947769408424260\",\n?   id?: String,\n?   phoneNumber?: String,\n?   AND?: WhatsAppNumberWhereInput | WhatsAppNumberWhereInput[],\n?   OR?: WhatsAppNumberWhereInput[],\n?   NOT?: WhatsAppNumberWhereInput | WhatsAppNumberWhereInput[],\n?   organizationId?: StringFilter | String,\n?   accessToken?: StringFilter | String,\n?   displayName?: StringNullableFilter | String | Null,\n?   accessTokenExpiresAt?: DateTimeNullableFilter | DateTime | Null,\n?   active?: BoolFilter | Boolean,\n?   createdAt?: DateTimeFilter | DateTime,\n?   updatedAt?: DateTimeFilter | DateTime,\n?   organization?: OrganizationScalarRelationFilter | OrganizationWhereInput,\n?   messages?: MessageListRelationFilter\n  }\n}\n\nArgument `where` of type WhatsAppNumberWhereUniqueInput needs at least one of `id` or `phoneNumber` arguments. Available options are marked with ?.\n    at rr (/home/jj/repo/whatsapp-outreach/node_modules/@prisma/client/runtime/client.js:10:1379)\n    at Vr.handleRequestError (/home/jj/repo/whatsapp-outreach/node_modules/@prisma/client/runtime/client.js:65:7815)\n    at Vr.handleAndLogRequestError (/home/jj/repo/whatsapp-outreach/node_modules/@prisma/client/runtime/client.js:65:7467)\n    at Vr.request (/home/jj/repo/whatsapp-outreach/node_modules/@prisma/client/runtime/client.js:65:7174)\n    at process.processTicksAndRejections (node:internal/process/task_queues:105:5)\n    at async a (/home/jj/repo/whatsapp-outreach/node_modules/@prisma/client/runtime/client.js:75:5816)\n    at async file:///home/jj/repo/whatsapp-outreach/src/controllers/webhookController.js:73:26","statusCode":500}}
{"level":"http","message":"POST /organization/contacts"}
{"level":"http","message":"POST /campaign/send"}
{"level":"info","message":"WhatsApp template sent successfully","meta":{"messageId":"wamid.HBgMMjU0NzE1MzY5NzMzFQIAERgSRTJBMjAzM0FCMzk5QTRENzZEAA==","phone":"+254715369733","templateName":"intro_marketing_agency"}}
{"level":"http","message":"POST /webhook"}
{"level":"info","message":"Webhook status update","meta":[{"id":"wamid.HBgMMjU0NzE1MzY5NzMzFQIAERgSRTJBMjAzM0FCMzk5QTRENzZEAA==","pricing":{"billable":true,"category":"marketing","pricing_model":"PMP","type":"regular"},"recipient_id":"254715369733","status":"sent","timestamp":"1769865046"}]}
{"level":"http","message":"POST /webhook"}
{"level":"info","message":"Webhook status update","meta":[{"id":"wamid.HBgMMjU0NzE1MzY5NzMzFQIAERgSRTJBMjAzM0FCMzk5QTRENzZEAA==","pricing":{"billable":true,"category":"marketing","pricing_model":"PMP","type":"regular"},"recipient_id":"254715369733","status":"delivered","timestamp":"1769865046"}]}
{"level":"http","message":"POST /webhook"}
{"level":"info","message":"Webhook status update","meta":[{"id":"wamid.HBgMMjU0NzE1MzY5NzMzFQIAERgSRTJBMjAzM0FCMzk5QTRENzZEAA==","pricing":{"billable":true,"category":"marketing","pricing_model":"PMP","type":"regular"},"recipient_id":"254715369733","status":"read","timestamp":"1769865057"}]}
{"level":"http","message":"POST /webhook"}
{"level":"error","message":"\nInvalid `prisma.whatsAppNumber.findUnique()` invocation:\n\n{\n  where: {\n    phoneNumberId: \"947769408424260\",\n?   id?: String,\n?   phoneNumber?: String,\n?   AND?: WhatsAppNumberWhereInput | WhatsAppNumberWhereInput[],\n?   OR?: WhatsAppNumberWhereInput[],\n?   NOT?: WhatsAppNumberWhereInput | WhatsAppNumberWhereInput[],\n?   organizationId?: StringFilter | String,\n?   accessToken?: StringFilter | String,\n?   displayName?: StringNullableFilter | String | Null,\n?   accessTokenExpiresAt?: DateTimeNullableFilter | DateTime | Null,\n?   active?: BoolFilter | Boolean,\n?   createdAt?: DateTimeFilter | DateTime,\n?   updatedAt?: DateTimeFilter | DateTime,\n?   organization?: OrganizationScalarRelationFilter | OrganizationWhereInput,\n?   messages?: MessageListRelationFilter\n  }\n}\n\nArgument `where` of type WhatsAppNumberWhereUniqueInput needs at least one of `id` or `phoneNumber` arguments. Available options are marked with ?.","meta":{"method":"POST","path":"/webhook","stack":"PrismaClientValidationError: \nInvalid `prisma.whatsAppNumber.findUnique()` invocation:\n\n{\n  where: {\n    phoneNumberId: \"947769408424260\",\n?   id?: String,\n?   phoneNumber?: String,\n?   AND?: WhatsAppNumberWhereInput | WhatsAppNumberWhereInput[],\n?   OR?: WhatsAppNumberWhereInput[],\n?   NOT?: WhatsAppNumberWhereInput | WhatsAppNumberWhereInput[],\n?   organizationId?: StringFilter | String,\n?   accessToken?: StringFilter | String,\n?   displayName?: StringNullableFilter | String | Null,\n?   accessTokenExpiresAt?: DateTimeNullableFilter | DateTime | Null,\n?   active?: BoolFilter | Boolean,\n?   createdAt?: DateTimeFilter | DateTime,\n?   updatedAt?: DateTimeFilter | DateTime,\n?   organization?: OrganizationScalarRelationFilter | OrganizationWhereInput,\n?   messages?: MessageListRelationFilter\n  }\n}\n\nArgument `where` of type WhatsAppNumberWhereUniqueInput needs at least one of `id` or `phoneNumber` arguments. Available options are marked with ?.\n    at rr (/home/jj/repo/whatsapp-outreach/node_modules/@prisma/client/runtime/client.js:10:1379)\n    at Vr.handleRequestError (/home/jj/repo/whatsapp-outreach/node_modules/@prisma/client/runtime/client.js:65:7815)\n    at Vr.handleAndLogRequestError (/home/jj/repo/whatsapp-outreach/node_modules/@prisma/client/runtime/client.js:65:7467)\n    at Vr.request (/home/jj/repo/whatsapp-outreach/node_modules/@prisma/client/runtime/client.js:65:7174)\n    at process.processTicksAndRejections (node:internal/process/task_queues:105:5)\n    at async a (/home/jj/repo/whatsapp-outreach/node_modules/@prisma/client/runtime/client.js:75:5816)\n    at async file:///home/jj/repo/whatsapp-outreach/src/controllers/webhookController.js:73:26","statusCode":500}}
{"level":"http","message":"POST /webhook"}
{"level":"error","message":"\nInvalid `prisma.whatsAppNumber.findUnique()` invocation:\n\n{\n  where: {\n    phoneNumberId: \"947769408424260\",\n?   id?: String,\n?   phoneNumber?: String,\n?   AND?: WhatsAppNumberWhereInput | WhatsAppNumberWhereInput[],\n?   OR?: WhatsAppNumberWhereInput[],\n?   NOT?: WhatsAppNumberWhereInput | WhatsAppNumberWhereInput[],\n?   organizationId?: StringFilter | String,\n?   accessToken?: StringFilter | String,\n?   displayName?: StringNullableFilter | String | Null,\n?   accessTokenExpiresAt?: DateTimeNullableFilter | DateTime | Null,\n?   active?: BoolFilter | Boolean,\n?   createdAt?: DateTimeFilter | DateTime,\n?   updatedAt?: DateTimeFilter | DateTime,\n?   organization?: OrganizationScalarRelationFilter | OrganizationWhereInput,\n?   messages?: MessageListRelationFilter\n  }\n}\n\nArgument `where` of type WhatsAppNumberWhereUniqueInput needs at least one of `id` or `phoneNumber` arguments. Available options are marked with ?.","meta":{"method":"POST","path":"/webhook","stack":"PrismaClientValidationError: \nInvalid `prisma.whatsAppNumber.findUnique()` invocation:\n\n{\n  where: {\n    phoneNumberId: \"947769408424260\",\n?   id?: String,\n?   phoneNumber?: String,\n?   AND?: WhatsAppNumberWhereInput | WhatsAppNumberWhereInput[],\n?   OR?: WhatsAppNumberWhereInput[],\n?   NOT?: WhatsAppNumberWhereInput | WhatsAppNumberWhereInput[],\n?   organizationId?: StringFilter | String,\n?   accessToken?: StringFilter | String,\n?   displayName?: StringNullableFilter | String | Null,\n?   accessTokenExpiresAt?: DateTimeNullableFilter | DateTime | Null,\n?   active?: BoolFilter | Boolean,\n?   createdAt?: DateTimeFilter | DateTime,\n?   updatedAt?: DateTimeFilter | DateTime,\n?   organization?: OrganizationScalarRelationFilter | OrganizationWhereInput,\n?   messages?: MessageListRelationFilter\n  }\n}\n\nArgument `where` of type WhatsAppNumberWhereUniqueInput needs at least one of `id` or `phoneNumber` arguments. Available options are marked with ?.\n    at rr (/home/jj/repo/whatsapp-outreach/node_modules/@prisma/client/runtime/client.js:10:1379)\n    at Vr.handleRequestError (/home/jj/repo/whatsapp-outreach/node_modules/@prisma/client/runtime/client.js:65:7815)\n    at Vr.handleAndLogRequestError (/home/jj/repo/whatsapp-outreach/node_modules/@prisma/client/runtime/client.js:65:7467)\n    at Vr.request (/home/jj/repo/whatsapp-outreach/node_modules/@prisma/client/runtime/client.js:65:7174)\n    at process.processTicksAndRejections (node:internal/process/task_queues:105:5)\n    at async a (/home/jj/repo/whatsapp-outreach/node_modules/@prisma/client/runtime/client.js:75:5816)\n    at async file:///home/jj/repo/whatsapp-outreach/src/controllers/webhookController.js:73:26","statusCode":500}}
{"level":"http","message":"POST /webhook"}
{"level":"error","message":"\nInvalid `prisma.whatsAppNumber.findUnique()` invocation:\n\n{\n  where: {\n    phoneNumberId: \"947769408424260\",\n?   id?: String,\n?   phoneNumber?: String,\n?   AND?: WhatsAppNumberWhereInput | WhatsAppNumberWhereInput[],\n?   OR?: WhatsAppNumberWhereInput[],\n?   NOT?: WhatsAppNumberWhereInput | WhatsAppNumberWhereInput[],\n?   organizationId?: StringFilter | String,\n?   accessToken?: StringFilter | String,\n?   displayName?: StringNullableFilter | String | Null,\n?   accessTokenExpiresAt?: DateTimeNullableFilter | DateTime | Null,\n?   active?: BoolFilter | Boolean,\n?   createdAt?: DateTimeFilter | DateTime,\n?   updatedAt?: DateTimeFilter | DateTime,\n?   organization?: OrganizationScalarRelationFilter | OrganizationWhereInput,\n?   messages?: MessageListRelationFilter\n  }\n}\n\nArgument `where` of type WhatsAppNumberWhereUniqueInput needs at least one of `id` or `phoneNumber` arguments. Available options are marked with ?.","meta":{"method":"POST","path":"/webhook","stack":"PrismaClientValidationError: \nInvalid `prisma.whatsAppNumber.findUnique()` invocation:\n\n{\n  where: {\n    phoneNumberId: \"947769408424260\",\n?   id?: String,\n?   phoneNumber?: String,\n?   AND?: WhatsAppNumberWhereInput | WhatsAppNumberWhereInput[],\n?   OR?: WhatsAppNumberWhereInput[],\n?   NOT?: WhatsAppNumberWhereInput | WhatsAppNumberWhereInput[],\n?   organizationId?: StringFilter | String,\n?   accessToken?: StringFilter | String,\n?   displayName?: StringNullableFilter | String | Null,\n?   accessTokenExpiresAt?: DateTimeNullableFilter | DateTime | Null,\n?   active?: BoolFilter | Boolean,\n?   createdAt?: DateTimeFilter | DateTime,\n?   updatedAt?: DateTimeFilter | DateTime,\n?   organization?: OrganizationScalarRelationFilter | OrganizationWhereInput,\n?   messages?: MessageListRelationFilter\n  }\n}\n\nArgument `where` of type WhatsAppNumberWhereUniqueInput needs at least one of `id` or `phoneNumber` arguments. Available options are marked with ?.\n    at rr (/home/jj/repo/whatsapp-outreach/node_modules/@prisma/client/runtime/client.js:10:1379)\n    at Vr.handleRequestError (/home/jj/repo/whatsapp-outreach/node_modules/@prisma/client/runtime/client.js:65:7815)\n    at Vr.handleAndLogRequestError (/home/jj/repo/whatsapp-outreach/node_modules/@prisma/client/runtime/client.js:65:7467)\n    at Vr.request (/home/jj/repo/whatsapp-outreach/node_modules/@prisma/client/runtime/client.js:65:7174)\n    at process.processTicksAndRejections (node:internal/process/task_queues:105:5)\n    at async a (/home/jj/repo/whatsapp-outreach/node_modules/@prisma/client/runtime/client.js:75:5816)\n    at async file:///home/jj/repo/whatsapp-outreach/src/controllers/webhookController.js:73:26","statusCode":500}}
{"level":"http","message":"POST /webhook"}
{"level":"error","message":"\nInvalid `prisma.whatsAppNumber.findUnique()` invocation:\n\n{\n  where: {\n    phoneNumberId: \"947769408424260\",\n?   id?: String,\n?   phoneNumber?: String,\n?   AND?: WhatsAppNumberWhereInput | WhatsAppNumberWhereInput[],\n?   OR?: WhatsAppNumberWhereInput[],\n?   NOT?: WhatsAppNumberWhereInput | WhatsAppNumberWhereInput[],\n?   organizationId?: StringFilter | String,\n?   accessToken?: StringFilter | String,\n?   displayName?: StringNullableFilter | String | Null,\n?   accessTokenExpiresAt?: DateTimeNullableFilter | DateTime | Null,\n?   active?: BoolFilter | Boolean,\n?   createdAt?: DateTimeFilter | DateTime,\n?   updatedAt?: DateTimeFilter | DateTime,\n?   organization?: OrganizationScalarRelationFilter | OrganizationWhereInput,\n?   messages?: MessageListRelationFilter\n  }\n}\n\nArgument `where` of type WhatsAppNumberWhereUniqueInput needs at least one of `id` or `phoneNumber` arguments. Available options are marked with ?.","meta":{"method":"POST","path":"/webhook","stack":"PrismaClientValidationError: \nInvalid `prisma.whatsAppNumber.findUnique()` invocation:\n\n{\n  where: {\n    phoneNumberId: \"947769408424260\",\n?   id?: String,\n?   phoneNumber?: String,\n?   AND?: WhatsAppNumberWhereInput | WhatsAppNumberWhereInput[],\n?   OR?: WhatsAppNumberWhereInput[],\n?   NOT?: WhatsAppNumberWhereInput | WhatsAppNumberWhereInput[],\n?   organizationId?: StringFilter | String,\n?   accessToken?: StringFilter | String,\n?   displayName?: StringNullableFilter | String | Null,\n?   accessTokenExpiresAt?: DateTimeNullableFilter | DateTime | Null,\n?   active?: BoolFilter | Boolean,\n?   createdAt?: DateTimeFilter | DateTime,\n?   updatedAt?: DateTimeFilter | DateTime,\n?   organization?: OrganizationScalarRelationFilter | OrganizationWhereInput,\n?   messages?: MessageListRelationFilter\n  }\n}\n\nArgument `where` of type WhatsAppNumberWhereUniqueInput needs at least one of `id` or `phoneNumber` arguments. Available options are marked with ?.\n    at rr (/home/jj/repo/whatsapp-outreach/node_modules/@prisma/client/runtime/client.js:10:1379)\n    at Vr.handleRequestError (/home/jj/repo/whatsapp-outreach/node_modules/@prisma/client/runtime/client.js:65:7815)\n    at Vr.handleAndLogRequestError (/home/jj/repo/whatsapp-outreach/node_modules/@prisma/client/runtime/client.js:65:7467)\n    at Vr.request (/home/jj/repo/whatsapp-outreach/node_modules/@prisma/client/runtime/client.js:65:7174)\n    at process.processTicksAndRejections (node:internal/process/task_queues:105:5)\n    at async a (/home/jj/repo/whatsapp-outreach/node_modules/@prisma/client/runtime/client.js:75:5816)\n    at async file:///home/jj/repo/whatsapp-outreach/src/controllers/webhookController.js:73:26","statusCode":500}}
{"level":"http","message":"POST /webhook"}
{"level":"error","message":"\nInvalid `prisma.whatsAppNumber.findUnique()` invocation:\n\n{\n  where: {\n    phoneNumberId: \"947769408424260\",\n?   id?: String,\n?   phoneNumber?: String,\n?   AND?: WhatsAppNumberWhereInput | WhatsAppNumberWhereInput[],\n?   OR?: WhatsAppNumberWhereInput[],\n?   NOT?: WhatsAppNumberWhereInput | WhatsAppNumberWhereInput[],\n?   organizationId?: StringFilter | String,\n?   accessToken?: StringFilter | String,\n?   displayName?: StringNullableFilter | String | Null,\n?   accessTokenExpiresAt?: DateTimeNullableFilter | DateTime | Null,\n?   active?: BoolFilter | Boolean,\n?   createdAt?: DateTimeFilter | DateTime,\n?   updatedAt?: DateTimeFilter | DateTime,\n?   organization?: OrganizationScalarRelationFilter | OrganizationWhereInput,\n?   messages?: MessageListRelationFilter\n  }\n}\n\nArgument `where` of type WhatsAppNumberWhereUniqueInput needs at least one of `id` or `phoneNumber` arguments. Available options are marked with ?.","meta":{"method":"POST","path":"/webhook","stack":"PrismaClientValidationError: \nInvalid `prisma.whatsAppNumber.findUnique()` invocation:\n\n{\n  where: {\n    phoneNumberId: \"947769408424260\",\n?   id?: String,\n?   phoneNumber?: String,\n?   AND?: WhatsAppNumberWhereInput | WhatsAppNumberWhereInput[],\n?   OR?: WhatsAppNumberWhereInput[],\n?   NOT?: WhatsAppNumberWhereInput | WhatsAppNumberWhereInput[],\n?   organizationId?: StringFilter | String,\n?   accessToken?: StringFilter | String,\n?   displayName?: StringNullableFilter | String | Null,\n?   accessTokenExpiresAt?: DateTimeNullableFilter | DateTime | Null,\n?   active?: BoolFilter | Boolean,\n?   createdAt?: DateTimeFilter | DateTime,\n?   updatedAt?: DateTimeFilter | DateTime,\n?   organization?: OrganizationScalarRelationFilter | OrganizationWhereInput,\n?   messages?: MessageListRelationFilter\n  }\n}\n\nArgument `where` of type WhatsAppNumberWhereUniqueInput needs at least one of `id` or `phoneNumber` arguments. Available options are marked with ?.\n    at rr (/home/jj/repo/whatsapp-outreach/node_modules/@prisma/client/runtime/client.js:10:1379)\n    at Vr.handleRequestError (/home/jj/repo/whatsapp-outreach/node_modules/@prisma/client/runtime/client.js:65:7815)\n    at Vr.handleAndLogRequestError (/home/jj/repo/whatsapp-outreach/node_modules/@prisma/client/runtime/client.js:65:7467)\n    at Vr.request (/home/jj/repo/whatsapp-outreach/node_modules/@prisma/client/runtime/client.js:65:7174)\n    at process.processTicksAndRejections (node:internal/process/task_queues:105:5)\n    at async a (/home/jj/repo/whatsapp-outreach/node_modules/@prisma/client/runtime/client.js:75:5816)\n    at async file:///home/jj/repo/whatsapp-outreach/src/controllers/webhookController.js:73:26","statusCode":500}}
{"level":"http","message":"POST /organization/contacts"}
{"level":"http","message":"POST /campaign/send"}
{"level":"info","message":"WhatsApp template sent successfully","meta":{"messageId":"wamid.HBgMMjU0NzE1MzY5NzMzFQIAERgSMDVBQTFENTNCNEZFRkUyMjJGAA==","phone":"+254715369733","templateName":"intro_marketing_agency"}}
{"level":"http","message":"POST /webhook"}
{"level":"info","message":"Webhook status update","meta":[{"id":"wamid.HBgMMjU0NzE1MzY5NzMzFQIAERgSMDVBQTFENTNCNEZFRkUyMjJGAA==","pricing":{"billable":true,"category":"marketing","pricing_model":"PMP","type":"regular"},"recipient_id":"254715369733","status":"sent","timestamp":"1769865215"}]}
{"level":"http","message":"POST /webhook"}
{"level":"info","message":"Webhook status update","meta":[{"id":"wamid.HBgMMjU0NzE1MzY5NzMzFQIAERgSMDVBQTFENTNCNEZFRkUyMjJGAA==","pricing":{"billable":true,"category":"marketing","pricing_model":"PMP","type":"regular"},"recipient_id":"254715369733","status":"delivered","timestamp":"1769865216"}]}
{"level":"http","message":"POST /webhook"}
{"level":"info","message":"Webhook status update","meta":[{"id":"wamid.HBgMMjU0NzE1MzY5NzMzFQIAERgSMDVBQTFENTNCNEZFRkUyMjJGAA==","pricing":{"billable":true,"category":"marketing","pricing_model":"PMP","type":"regular"},"recipient_id":"254715369733","status":"read","timestamp":"1769865231"}]}
{"level":"http","message":"POST /webhook"}
{"level":"http","message":"Incoming WhatsApp message","meta":{"cleanedFrom":"254715369733","from":"254715369733","text":"yes"}}
{"level":"info","message":"Contact consented","meta":{"contactId":"63501a8f-80a0-4532-9bd7-a23afa3857a1"}}
{"level":"http","message":"POST /webhook"}
{"level":"info","message":"Webhook status update","meta":[{"id":"wamid.HBgMMjU0NzE1MzY5NzMzFQIAERgSMDA0NzlDNTY4MUNDNzAxREIzAA==","pricing":{"billable":true,"category":"marketing","pricing_model":"PMP","type":"regular"},"recipient_id":"254715369733","status":"sent","timestamp":"1769810173"}]}
{"level":"http","message":"POST /webhook"}
{"level":"http","message":"Incoming WhatsApp message","meta":{"cleanedFrom":"254715369733","from":"254715369733","text":"yes"}}
{"level":"http","message":"POST /organization/sales-reps"}
{"level":"http","message":"POST /organization/sales-reps"}
{"level":"error","message":"User ID and phone are required","meta":{"method":"POST","path":"/organization/sales-reps","stack":"Error: User ID and phone are required\n    at file:///home/jj/repo/whatsapp-outreach/src/controllers/organizationController.js:619:11\n    at file:///home/jj/repo/whatsapp-outreach/src/utils/catchAsync.js:4:21\n    at Layer.handleRequest (/home/jj/repo/whatsapp-outreach/node_modules/router/lib/layer.js:152:17)\n    at next (/home/jj/repo/whatsapp-outreach/node_modules/router/lib/route.js:157:13)\n    at file:///home/jj/repo/whatsapp-outreach/src/middlewares/authMiddleware.js:107:5\n    at Layer.handleRequest (/home/jj/repo/whatsapp-outreach/node_modules/router/lib/layer.js:152:17)\n    at next (/home/jj/repo/whatsapp-outreach/node_modules/router/lib/route.js:157:13)\n    at Route.dispatch (/home/jj/repo/whatsapp-outreach/node_modules/router/lib/route.js:117:3)\n    at handle (/home/jj/repo/whatsapp-outreach/node_modules/router/index.js:435:11)\n    at Layer.handleRequest (/home/jj/repo/whatsapp-outreach/node_modules/router/lib/layer.js:152:17)","statusCode":400}}
{"level":"http","message":"POST /auth/signup"}
{"level":"info","message":"User signup completed","meta":{"userId":"219da80c-f5d8-4f5c-9539-62f05f8bd0a2"}}
{"level":"http","message":"POST /organization/sales-reps"}
{"level":"error","message":"User does not belong to this organization","meta":{"method":"POST","path":"/organization/sales-reps","stack":"Error: User does not belong to this organization\n    at file:///home/jj/repo/whatsapp-outreach/src/controllers/organizationController.js:633:11\n    at process.processTicksAndRejections (node:internal/process/task_queues:105:5)","statusCode":403}}
{"level":"http","message":"POST /organization/team/invite"}
{"level":"error","message":"phone is not defined","meta":{"method":"POST","path":"/organization/team/invite","stack":"ReferenceError: phone is not defined\n    at file:///home/jj/repo/whatsapp-outreach/src/controllers/organizationController.js:266:5\n    at process.processTicksAndRejections (node:internal/process/task_queues:105:5)","statusCode":500}}
{"level":"http","message":"POST /organization/team/invite"}
{"level":"error","message":"A user with this email already exists.","meta":{"method":"POST","path":"/organization/team/invite","stack":"Error: A user with this email already exists.\n    at file:///home/jj/repo/whatsapp-outreach/src/controllers/organizationController.js:249:11\n    at process.processTicksAndRejections (node:internal/process/task_queues:105:5)","statusCode":409}}
{"level":"http","message":"POST /organization/team/invite"}
{"level":"error","message":"phone is not defined","meta":{"method":"POST","path":"/organization/team/invite","stack":"ReferenceError: phone is not defined\n    at file:///home/jj/repo/whatsapp-outreach/src/controllers/organizationController.js:266:5\n    at process.processTicksAndRejections (node:internal/process/task_queues:105:5)","statusCode":500}}
{"level":"http","message":"POST /organization/team/invite"}
{"level":"error","message":"A user with this email already exists.","meta":{"method":"POST","path":"/organization/team/invite","stack":"Error: A user with this email already exists.\n    at file:///home/jj/repo/whatsapp-outreach/src/controllers/organizationController.js:249:11\n    at process.processTicksAndRejections (node:internal/process/task_queues:105:5)","statusCode":409}}
{"level":"http","message":"POST /organization/team/invite"}
{"level":"error","message":"\nInvalid `prisma.salesRep.create()` invocation:\n\n{\n  data: {\n    phone: \"0706402901\",\n    organizationId: \"b25ec809-719e-4f54-93c4-9beacbf8ec3b\",\n    userId: \"2af5a6b9-0c51-46fb-9ad8-e86188ba082e\",\n+   name: String\n  }\n}\n\nArgument `name` is missing.","meta":{"method":"POST","path":"/organization/team/invite","stack":"PrismaClientValidationError: \nInvalid `prisma.salesRep.create()` invocation:\n\n{\n  data: {\n    phone: \"0706402901\",\n    organizationId: \"b25ec809-719e-4f54-93c4-9beacbf8ec3b\",\n    userId: \"2af5a6b9-0c51-46fb-9ad8-e86188ba082e\",\n+   name: String\n  }\n}\n\nArgument `name` is missing.\n    at rr (/home/jj/repo/whatsapp-outreach/node_modules/@prisma/client/runtime/client.js:10:1379)\n    at Vr.handleRequestError (/home/jj/repo/whatsapp-outreach/node_modules/@prisma/client/runtime/client.js:65:7815)\n    at Vr.handleAndLogRequestError (/home/jj/repo/whatsapp-outreach/node_modules/@prisma/client/runtime/client.js:65:7467)\n    at Vr.request (/home/jj/repo/whatsapp-outreach/node_modules/@prisma/client/runtime/client.js:65:7174)\n    at process.processTicksAndRejections (node:internal/process/task_queues:105:5)\n    at async a (/home/jj/repo/whatsapp-outreach/node_modules/@prisma/client/runtime/client.js:75:5816)\n    at async file:///home/jj/repo/whatsapp-outreach/src/controllers/organizationController.js:270:5","statusCode":500}}
{"level":"http","message":"POST /organization/team/invite"}
{"level":"http","message":"POST /auth/signup"}
{"level":"info","message":"User signup completed","meta":{"userId":"2493ec3d-bc26-4c5b-bb95-763b6812966e"}}
{"level":"http","message":"POST /organization/team/invite"}
{"level":"error","message":"A user with this email already exists.","meta":{"method":"POST","path":"/organization/team/invite","stack":"Error: A user with this email already exists.\n    at file:///home/jj/repo/whatsapp-outreach/src/controllers/organizationController.js:249:11\n    at process.processTicksAndRejections (node:internal/process/task_queues:105:5)","statusCode":409}}
{"level":"http","message":"POST /organization/team/invite"}
{"level":"http","message":"POST /webhook"}
{"level":"http","message":"Incoming WhatsApp message","meta":{"cleanedFrom":"254715369733","from":"254715369733","text":"yes"}}
{"level":"http","message":"POST /organization/contacts"}
{"level":"http","message":"POST /campaign/send"}
{"level":"info","message":"WhatsApp template sent successfully","meta":{"messageId":"wamid.HBgMMjU0NzE1MzY5NzMzFQIAERgSMkU0MzMwOUMwQzY2NTEyQTg4AA==","phone":"+254715369733","templateName":"intro_marketing_agency"}}
{"level":"http","message":"POST /webhook"}
{"level":"info","message":"Webhook status update","meta":[{"id":"wamid.HBgMMjU0NzE1MzY5NzMzFQIAERgSMkU0MzMwOUMwQzY2NTEyQTg4AA==","pricing":{"billable":true,"category":"marketing","pricing_model":"PMP","type":"regular"},"recipient_id":"254715369733","status":"sent","timestamp":"1769929922"}]}
{"level":"http","message":"POST /webhook"}
{"level":"info","message":"Webhook status update","meta":[{"id":"wamid.HBgMMjU0NzE1MzY5NzMzFQIAERgSMkU0MzMwOUMwQzY2NTEyQTg4AA==","pricing":{"billable":true,"category":"marketing","pricing_model":"PMP","type":"regular"},"recipient_id":"254715369733","status":"delivered","timestamp":"1769929924"}]}
{"level":"http","message":"POST /webhook"}
{"level":"info","message":"Webhook status update","meta":[{"id":"wamid.HBgMMjU0NzE1MzY5NzMzFQIAERgSMkU0MzMwOUMwQzY2NTEyQTg4AA==","pricing":{"billable":true,"category":"marketing","pricing_model":"PMP","type":"regular"},"recipient_id":"254715369733","status":"read","timestamp":"1769929945"}]}
{"level":"http","message":"POST /webhook"}
{"level":"http","message":"Incoming WhatsApp message","meta":{"cleanedFrom":"254715369733","from":"254715369733","text":"yes"}}
{"level":"info","message":"Contact consented","meta":{"contactId":"f5a8fad2-0dd1-4f8b-8f39-201ee042b3a6"}}
{"level":"info","message":"Sales rep assigned","meta":{"contactId":"f5a8fad2-0dd1-4f8b-8f39-201ee042b3a6","repId":"0b250c6f-b370-49d4-83fd-f3f056ec2bfc"}}
{"level":"info","message":"WhatsApp template sent successfully","meta":{"messageId":"wamid.HBgMMjU0NzA2NDAyOTAxFQIAERgSMERCRDgzODg2OTA4QTZFOTM0AA==","phone":"+254706402901","templateName":"lead_assigned_notification"}}
{"level":"info","message":"Sales rep notified","meta":{"repPhone":"254706402901"}}
{"level":"http","message":"POST /webhook"}
{"level":"info","message":"Webhook status update","meta":[{"id":"wamid.HBgMMjU0NzA2NDAyOTAxFQIAERgSMERCRDgzODg2OTA4QTZFOTM0AA==","pricing":{"billable":true,"category":"marketing","pricing_model":"PMP","type":"regular"},"recipient_id":"254706402901","status":"sent","timestamp":"1769929961"}]}
{"level":"http","message":"POST /webhook"}
{"level":"info","message":"Webhook status update","meta":[{"id":"wamid.HBgMMjU0NzA2NDAyOTAxFQIAERgSMERCRDgzODg2OTA4QTZFOTM0AA==","pricing":{"billable":true,"category":"marketing","pricing_model":"PMP","type":"regular"},"recipient_id":"254706402901","status":"delivered","timestamp":"1769929963"}]}
{"level":"http","message":"POST /webhook"}
{"level":"info","message":"Webhook status update","meta":[{"id":"wamid.HBgMMjU0NzA2NDAyOTAxFQIAERgSMERCRDgzODg2OTA4QTZFOTM0AA==","pricing":{"billable":true,"category":"marketing","pricing_model":"PMP","type":"regular"},"recipient_id":"254706402901","status":"read","timestamp":"1769930008"}]}
{"level":"http","message":"POST /auth/login"}
{"level":"info","message":"User login successful","meta":{"userId":"a1acccf2-1a7e-4609-9655-94ec324f3727"}}
{"level":"http","message":"GET /messages/contacts"}
{"level":"warn","message":"Unauthorized access attempt","meta":{"requiredRoles":[["SALES_REP","ADMIN","OWNER"]],"userId":"a1acccf2-1a7e-4609-9655-94ec324f3727","userRole":"SALES_REP"}}
{"level":"http","message":"GET /messages/contacts"}
{"level":"warn","message":"Unauthorized access attempt","meta":{"requiredRoles":[["SALES_REP","ADMIN","OWNER"]],"userId":"a1acccf2-1a7e-4609-9655-94ec324f3727","userRole":"SALES_REP"}}
{"level":"http","message":"GET /auth/me"}
{"level":"http","message":"GET /auth/me"}
{"level":"http","message":"GET /messages/contacts"}
{"level":"warn","message":"Unauthorized access attempt","meta":{"requiredRoles":[["SALES_REP","ADMIN","OWNER"]],"userId":"a1acccf2-1a7e-4609-9655-94ec324f3727","userRole":"SALES_REP"}}
{"level":"http","message":"GET /auth/me"}
{"level":"http","message":"GET /messages/contacts"}
{"level":"http","message":"POST /messages/contacts/%7B%7Bf5a8fad2-0dd1-4f8b-8f39-201ee042b3a6%7D/messages"}
{"level":"error","message":"Contact not found or not assigned to you","meta":{"method":"POST","path":"/messages/contacts/%7B%7Bf5a8fad2-0dd1-4f8b-8f39-201ee042b3a6%7D/messages","stack":"Error: Contact not found or not assigned to you\n    at file:///home/jj/repo/whatsapp-outreach/src/controllers/messageController.js:127:11\n    at process.processTicksAndRejections (node:internal/process/task_queues:105:5)","statusCode":404}}
{"level":"http","message":"POST /messages/contacts/f5a8fad2-0dd1-4f8b-8f39-201ee042b3a6/messages"}
{"level":"error","message":"Error sending WhatsApp text message","meta":{"error":{"error":{"code":190,"error_subcode":463,"fbtrace_id":"AWlq231ggOhootddPxM_Zmy","message":"Error validating access token: Session has expired on Sunday, 01-Feb-26 00:00:00 PST. The current time is Sunday, 01-Feb-26 12:17:35 PST.","type":"OAuthException"}},"phone":"+254715369733"}}
{"level":"error","message":"Failed to send message to contact","meta":{"contactId":"f5a8fad2-0dd1-4f8b-8f39-201ee042b3a6","error":"Request failed with status code 401","salesRepId":"0b250c6f-b370-49d4-83fd-f3f056ec2bfc"}}
{"level":"error","message":"Failed to send message: Request failed with status code 401","meta":{"method":"POST","path":"/messages/contacts/f5a8fad2-0dd1-4f8b-8f39-201ee042b3a6/messages","stack":"Error: Failed to send message: Request failed with status code 401\n    at file:///home/jj/repo/whatsapp-outreach/src/controllers/messageController.js:197:11\n    at process.processTicksAndRejections (node:internal/process/task_queues:105:5)","statusCode":500}}
{"level":"http","message":"POST /messages/contacts/f5a8fad2-0dd1-4f8b-8f39-201ee042b3a6/messages"}
{"level":"info","message":"WhatsApp text message sent successfully","meta":{"messageId":"wamid.HBgMMjU0NzE1MzY5NzMzFQIAERgSMUJFQjkwNDdFQjUwQTIwREY5AA==","phone":"+254715369733"}}
{"level":"info","message":"Message sent to contact","meta":{"contactId":"f5a8fad2-0dd1-4f8b-8f39-201ee042b3a6","messageId":"8f1877c1-371c-49fa-9be3-1045ef793cc6","salesRepId":"0b250c6f-b370-49d4-83fd-f3f056ec2bfc"}}
{"level":"http","message":"POST /webhook"}
{"level":"info","message":"Webhook status update","meta":[{"id":"wamid.HBgMMjU0NzE1MzY5NzMzFQIAERgSMUJFQjkwNDdFQjUwQTIwREY5AA==","pricing":{"billable":false,"category":"service","pricing_model":"PMP","type":"free_customer_service"},"recipient_id":"254715369733","status":"sent","timestamp":"1769977154"}]}
{"level":"http","message":"POST /webhook"}
{"level":"info","message":"Webhook status update","meta":[{"id":"wamid.HBgMMjU0NzE1MzY5NzMzFQIAERgSMUJFQjkwNDdFQjUwQTIwREY5AA==","pricing":{"billable":false,"category":"service","pricing_model":"PMP","type":"free_customer_service"},"recipient_id":"254715369733","status":"delivered","timestamp":"1769977156"}]}
{"level":"http","message":"POST /webhook"}
{"level":"info","message":"Webhook status update","meta":[{"id":"wamid.HBgMMjU0NzE1MzY5NzMzFQIAERgSMUJFQjkwNDdFQjUwQTIwREY5AA==","pricing":{"billable":false,"category":"service","pricing_model":"PMP","type":"free_customer_service"},"recipient_id":"254715369733","status":"read","timestamp":"1769977192"}]}
